,City,Lat,Lng,Max Temp,Humidity,Cloudiness,Wind Speed,Country,Date
0,Ōzu,33.5,132.55,45.18,58,24,2.15,JP,1641083449
1,Laguna,38.421,-121.4238,51.98,52,1,1.01,US,1641083449
2,Bealanana,-14.55,48.7333,66.74,92,100,2.26,MG,1641083450
3,Bredasdorp,-34.5322,20.0403,56.52,67,13,5.75,ZA,1641083451
4,Ouadda,8.0777,22.4007,69.69,37,93,5.28,CF,1641083451
5,Hobart,-42.8794,147.3294,66.06,78,75,14.97,AU,1641083208
6,Lodhran,29.5405,71.6336,53.08,26,89,6.93,PK,1641083453
7,Jamestown,42.097,-79.2353,48.09,73,90,1.99,US,1641083453
8,Lae,-6.7221,146.9847,86.67,62,100,2.82,PG,1641083454
9,Cidreira,-30.1811,-50.2056,72.88,88,0,14.2,BR,1641083454
10,Constitución,-35.3333,-72.4167,56.57,92,64,5.86,CL,1641083455
11,Skibbereen,51.55,-9.2667,51.6,88,12,19.98,IE,1641083456
12,New Norfolk,-42.7826,147.0587,65.71,56,100,3.58,AU,1641083457
13,Mataura,-46.1927,168.8643,85.01,31,100,3.22,NZ,1641083457
14,Severo-Kuril'sk,50.6789,156.125,30.0,91,97,9.71,RU,1641083458
15,Norden,53.6,7.2,53.91,97,100,16.67,DE,1641083458
16,Vestmannaeyjar,63.4427,-20.2734,28.72,56,100,21.99,IS,1641083459
17,Tabuk,17.4189,121.4443,68.11,83,100,2.19,PH,1641083460
18,Rikitea,-23.1203,-134.9692,78.71,68,78,9.22,PF,1641083460
19,Ribeira Grande,38.5167,-28.7,61.57,70,100,11.81,PT,1641083461
20,Albany,42.6001,-73.9662,51.8,95,100,2.68,US,1641083462
21,Hermanus,-34.4187,19.2345,60.91,75,60,6.64,ZA,1641083462
22,Cabo San Lucas,22.8909,-109.9124,73.71,62,20,8.05,MX,1641083463
23,San Jerónimo,-11.9472,-75.2829,53.74,73,94,4.92,PE,1641083463
24,Kaitangata,-46.2817,169.8464,68.94,77,100,7.76,NZ,1641083464
25,Nhamundá,-2.1861,-56.7131,72.84,98,98,2.51,BR,1641083465
26,Willowmore,-33.2926,23.4895,60.1,72,100,5.46,ZA,1641083466
27,Clyde River,70.4692,-68.5914,-16.37,76,91,0.0,CA,1641083466
28,Puerto Ayora,-0.7393,-90.3518,70.48,82,99,6.55,EC,1641083467
29,Longyearbyen,78.2186,15.6401,12.04,57,0,23.02,SJ,1641083266
30,Bluff,-46.6,168.3333,66.51,58,100,3.09,NZ,1641083468
31,Port Alfred,-33.5906,26.891,64.26,83,79,13.87,ZA,1641083469
32,Ponta do Sol,32.6667,-17.1,69.12,27,100,4.07,PT,1641083469
33,Fortuna,40.5982,-124.1573,47.19,71,1,8.05,US,1641083470
34,Bandarbeyla,9.4942,50.8122,75.85,75,4,9.19,SO,1641083471
35,Yenagoa,4.9247,6.2642,77.02,85,58,3.83,NG,1641083471
36,Safi,32.2994,-9.2372,63.73,49,14,9.78,MA,1641083472
37,Meulaboh,4.1363,96.1285,74.73,94,100,4.65,ID,1641083473
38,Dubai,25.2582,55.3047,73.22,83,0,6.91,AE,1641083293
39,Boa Vista,2.8197,-60.6733,82.38,61,0,11.5,BR,1641083392
40,Mahébourg,-20.4081,57.7,77.25,78,40,8.05,MU,1641083475
41,Punta Arenas,-53.15,-70.9167,46.51,76,20,29.93,CL,1641083475
42,Ushuaia,-54.8,-68.3,46.06,76,75,16.11,AR,1641083403
43,Bluefields,12.0137,-83.7635,75.81,90,99,4.92,NI,1641083477
44,Benguela,-12.5763,13.4055,75.85,82,100,4.03,AO,1641083477
45,Port Blair,11.6667,92.75,77.04,83,40,2.3,IN,1641083478
46,Faanui,-16.4833,-151.75,81.41,75,90,12.19,PF,1641083479
47,Atuona,-9.8,-139.0333,78.49,71,12,16.13,PF,1641083479
48,Comodoro Rivadavia,-45.8667,-67.5,73.26,18,75,26.46,AR,1641083401
49,Port Elizabeth,-33.918,25.5701,66.09,72,0,12.66,ZA,1641083481
50,Bilma,18.6853,12.9164,57.63,39,0,14.27,NE,1641083481
51,Pitimbu,-7.4706,-34.8086,81.19,76,100,10.83,BR,1641083482
52,Tiksi,71.6872,128.8694,-24.47,100,99,1.48,RU,1641083437
53,Klaksvík,62.2266,-6.589,45.52,83,100,47.36,FO,1641083483
54,Bengkulu,-3.8004,102.2655,76.78,86,96,2.04,ID,1641083484
55,Oktyabr'skoye,43.0645,44.7417,26.74,93,100,2.24,RU,1641083485
56,Avarua,-21.2078,-159.775,82.45,74,40,11.5,CK,1641083485
57,Mar del Plata,-38.0023,-57.5575,71.1,94,20,3.0,AR,1641083430
58,Ahipara,-35.1667,173.1667,77.94,51,48,6.53,NZ,1641083487
59,Arraial do Cabo,-22.9661,-42.0278,75.06,94,90,8.05,BR,1641083487
60,Abū Zabad,12.35,29.25,65.19,21,100,14.03,SD,1641083488
61,Souillac,-20.5167,57.5167,77.36,78,40,8.05,MU,1641083489
62,Torbay,47.6666,-52.7314,31.28,92,90,8.05,CA,1641083489
63,Novobirilyussy,56.9514,90.6661,6.62,87,100,4.63,RU,1641083490
64,Lebu,-37.6167,-73.65,59.29,90,100,14.41,CL,1641083491
65,Aiquile,-18.2041,-65.1807,64.96,73,100,1.83,BO,1641083491
66,Havre-St-Pierre,50.2334,-63.5986,34.39,93,90,11.5,CA,1641083492
67,Leningradskiy,69.3833,178.4167,-5.3,91,52,10.07,RU,1641083493
68,Quthing,-30.4,27.7003,59.0,40,6,2.46,LS,1641083494
69,Nikolskoye,59.7035,30.7861,19.29,89,8,7.87,RU,1641083494
70,Iberia,29.9502,-91.7507,77.11,88,90,10.36,US,1641083495
71,Tanga,-5.0667,39.1,77.83,83,100,8.63,TZ,1641083496
72,Vostok,46.4856,135.8833,2.84,90,100,5.57,RU,1641083496
73,Mitsamiouli,-11.3847,43.2844,81.88,73,51,2.15,KM,1641083497
74,Cochabamba,-17.3895,-66.1568,65.95,43,75,9.22,BO,1641083498
75,Cody,44.5263,-109.0565,7.63,78,1,8.05,US,1641083498
76,Margate,51.3813,1.3862,55.96,83,100,8.01,GB,1641083490
77,Lorengau,-2.0226,147.2712,82.35,81,100,5.5,PG,1641083500
78,Komsomolets,53.7453,62.0708,25.2,96,100,11.39,KZ,1641083500
79,Tazovsky,67.4667,78.7,-13.68,97,100,12.46,RU,1641083501
80,Cam Ranh,11.9214,109.1591,73.36,78,75,8.05,VN,1641083502
81,Vardø,70.3705,31.1107,24.75,67,100,17.49,NO,1641083502
82,Neuquén,-38.9516,-68.0591,75.09,31,41,17.27,AR,1641083314
83,Filingué,14.3521,3.3168,67.59,21,77,9.35,NE,1641083504
84,Liwale,-9.7667,37.9333,68.77,99,100,2.51,TZ,1641083505
85,Ube,33.9431,131.2511,41.23,76,40,2.3,JP,1641083505
86,Dikson,73.5069,80.5464,-31.74,95,33,6.67,RU,1641083506
87,Kavieng,-2.5744,150.7967,84.79,71,100,6.46,PG,1641083506
88,Rome,43.2128,-75.4557,48.72,97,90,0.0,US,1641083507
89,Saint-Augustin,51.226,-58.6502,32.2,99,100,16.73,CA,1641083431
90,Itarema,-2.9248,-39.9167,78.71,86,92,9.42,BR,1641083508
91,Tallahassee,30.4383,-84.2807,73.49,93,90,1.99,US,1641083509
92,Florø,61.5996,5.0328,49.96,81,90,27.63,NO,1641083510
93,Qeshm,26.9581,56.2719,69.69,79,100,8.19,IR,1641083458
94,Qaanaaq,77.484,-69.3632,-2.87,65,21,6.8,GL,1641083511
95,Cape Town,-33.9258,18.4232,61.12,80,75,5.75,ZA,1641083342
96,Upernavik,72.7868,-56.1549,7.34,82,98,7.58,GL,1641083512
97,Chokurdakh,70.6333,147.9167,-27.94,98,100,3.0,RU,1641083513
98,Quesnel,52.9999,-122.5029,16.3,79,20,4.61,CA,1641083513
99,Ancud,-41.8697,-73.8203,56.73,91,100,17.07,CL,1641083514
100,Tasiilaq,65.6145,-37.6368,8.76,55,10,6.69,GL,1641083514
101,Mason City,43.1536,-93.201,1.53,78,1,18.41,US,1641083515
102,Saldanha,-33.0117,17.9442,53.65,75,7,9.95,ZA,1641083295
103,Moctezuma,29.8,-109.6667,52.9,76,80,4.12,MX,1641083517
104,Lang Son,21.8333,106.7333,54.5,82,100,4.61,VN,1641083517
105,Yulara,-25.2406,130.9889,94.84,18,0,10.36,AU,1641083518
106,Alyangula,-13.8483,136.4192,87.67,79,40,8.05,AU,1641083518
107,Tabas,33.5959,56.9244,49.53,59,94,4.76,IR,1641083519
108,Mandan,46.8267,-100.8896,-10.01,67,1,8.05,US,1641083520
109,Saskylakh,71.9167,114.0833,-32.35,96,100,0.74,RU,1641083520
110,Gilbués,-9.8317,-45.3439,70.3,93,100,2.42,BR,1641083521
111,Sibut,5.718,19.0739,73.96,31,100,3.18,CF,1641083522
112,Lučani,43.8608,20.1381,48.65,83,100,3.0,RS,1641083522
113,Pleasant Grove,40.3641,-111.7385,20.75,64,75,9.22,US,1641083523
114,Zhangye,38.9342,100.4517,16.5,49,25,2.57,CN,1641083524
115,Barra Patuca,15.8,-84.2833,76.57,88,100,12.01,HN,1641083524
116,Pevek,69.7008,170.3133,5.79,84,100,8.3,RU,1641083525
117,Sidi Ali,36.0998,0.4206,54.23,54,83,1.28,DZ,1641083526
118,Norman Wells,65.282,-126.8329,-32.76,61,75,2.3,CA,1641083526
119,Acapulco de Juárez,16.8634,-99.8901,80.42,74,20,9.22,MX,1641083240
120,Trairi,-3.2778,-39.2689,79.75,81,97,8.88,BR,1641083528
121,Tuktoyaktuk,69.4541,-133.0374,-20.2,69,75,11.5,CA,1641083528
122,Havelock,34.8791,-76.9013,69.75,91,1,13.0,US,1641083529
123,Evensk,61.95,159.2333,34.63,77,100,26.78,RU,1641083530
124,Nova Olinda do Norte,-3.8881,-59.0942,73.63,99,99,2.84,BR,1641083530
125,Yellowknife,62.456,-114.3525,-32.28,75,75,6.91,CA,1641083531
126,Merta,26.65,74.0333,55.2,46,93,6.06,IN,1641083531
127,Neiafu,-18.65,-173.9833,81.28,83,75,11.5,TO,1641083532
128,Hong Kong,22.2855,114.1577,63.32,82,0,3.0,HK,1641083234
129,Butaritari,3.0707,172.7902,81.79,73,100,15.55,KI,1641083533
130,Lapeer,43.0514,-83.3188,28.35,100,90,8.05,US,1641083534
131,Isangel,-19.55,169.2667,82.51,89,75,6.91,VU,1641083535
132,Broome,42.2506,-75.833,52.47,80,90,1.01,US,1641083535
133,Insar,53.8653,44.3738,24.42,96,100,11.05,RU,1641083536
134,Hamilton,39.1834,-84.5333,54.12,97,90,1.01,US,1641083537
135,Dingle,10.9995,122.6711,75.47,87,100,13.65,PH,1641083537
136,Castro,-24.7911,-50.0119,64.15,88,0,3.89,BR,1641083538
137,Narsaq,60.9167,-46.05,19.62,75,100,4.97,GL,1641083539
138,Coruripe,-10.1256,-36.1756,78.01,77,100,8.34,BR,1641083539
139,Kaspi,41.9252,44.4257,34.72,89,100,4.27,GE,1641083540
140,Saint-Philippe,-21.3585,55.7679,74.79,80,74,9.82,RE,1641083541
141,Vaini,-21.2,-175.2,82.56,83,75,9.22,TO,1641083541
142,Mopti,14.6667,-4.0,72.03,16,100,9.75,ML,1641083542
143,Gouré,13.9835,10.2704,65.01,37,7,11.68,NE,1641083543
144,Flin Flon,54.7682,-101.865,-22.16,69,1,4.61,CA,1641083543
145,Muravlenko,63.7898,74.523,10.44,96,100,6.22,RU,1641083544
146,Nandu,22.8525,110.8233,58.33,70,100,3.62,CN,1641083545
147,Chui,-33.6971,-53.4616,72.36,86,100,2.26,UY,1641083461
148,Busselton,-33.65,115.3333,68.09,55,100,8.63,AU,1641083546
149,Yangi Marg`ilon,40.4272,71.7189,31.42,59,100,4.61,UZ,1641083546
150,Airai,-8.9266,125.4092,71.17,68,12,1.9,TL,1641083547
151,Moose Factory,51.2585,-80.6094,-13.0,77,1,6.91,CA,1641083548
152,Cotonou,6.3654,2.4183,82.38,83,20,6.91,BJ,1641083549
153,San Cristobal,7.7669,-72.225,73.58,96,83,1.66,VE,1641083549
154,Béjar,40.3864,-5.7634,52.32,53,100,3.44,ES,1641083550
155,Aklavik,68.2191,-135.0107,-22.97,88,100,22.41,CA,1641083551
156,Lavrentiya,65.5833,-171.0,-14.17,94,41,2.75,RU,1641083551
157,Kieta,-6.2167,155.6333,87.24,66,57,4.65,PG,1641083552
158,Sur,22.5667,59.5289,69.48,76,3,6.04,OM,1641083553
159,College,64.8569,-147.8028,-14.85,58,75,10.36,US,1641083553
160,Juneau,58.3019,-134.4197,35.83,94,90,4.0,US,1641083554
161,Veinticinco de Mayo,-35.4323,-60.1727,77.0,51,3,8.01,AR,1641083555
162,Sangmélima,2.9333,11.9833,68.29,88,94,2.39,CM,1641083555
163,Muros,42.7762,-9.0603,60.24,88,100,10.4,ES,1641083556
164,Kenitra,34.261,-6.5802,45.36,65,6,1.83,MA,1641083557
165,São Filipe,14.8961,-24.4956,77.54,55,100,9.98,CV,1641083557
166,Kapaa,22.0752,-159.319,73.72,75,20,3.0,US,1641083558
167,Yuli,9.6989,10.2744,69.04,21,26,7.81,NG,1641083559
168,Padang,-0.9492,100.3543,75.25,96,100,3.02,ID,1641083559
169,Port Keats,-14.25,129.55,88.97,66,95,7.83,AU,1641083560
170,East London,-33.0153,27.9116,66.43,80,66,13.76,ZA,1641083560
171,Tromsø,69.6496,18.957,20.37,93,20,2.3,NO,1641083390
172,Abu Samrah,35.3029,37.1841,47.62,71,96,5.64,SY,1641083562
173,Saint Paul Harbor,57.79,-152.4072,15.31,53,75,29.93,US,1641083562
174,Mildura,-34.2,142.15,95.07,18,29,8.05,AU,1641083563
175,Breisach,48.0333,7.5833,52.02,100,37,0.0,DE,1641083408
176,Yarmouth,41.7057,-70.2286,54.45,97,90,5.01,US,1641083564
177,Hithadhoo,-0.6,73.0833,81.88,74,88,9.51,MV,1641083565
178,Tura,25.5198,90.2201,54.57,72,0,4.29,IN,1641083460
179,Vitim,59.4511,112.5578,-7.91,100,100,2.06,RU,1641083523
180,The Valley,18.217,-63.0578,78.66,65,40,8.05,AI,1641083567
181,Cockburn Town,21.4612,-71.1419,78.03,67,0,20.54,TC,1641083567
182,Chimbote,-9.0853,-78.5783,69.01,83,65,6.33,PE,1641083501
183,Province of Mantua,45.1667,10.7833,50.43,76,8,2.62,IT,1641083569
184,Korla,41.7597,86.1469,16.68,75,14,5.88,CN,1641083569
185,São Geraldo do Araguaia,-6.4006,-48.555,74.08,97,100,3.13,BR,1641083570
186,Nuuk,64.1835,-51.7216,21.81,68,100,1.14,GL,1641083571
187,Palmer,42.1584,-72.3287,52.0,88,90,0.0,US,1641083571
188,Oodweyne,9.4092,45.064,65.08,51,2,6.42,SO,1641083572
189,Tigil',57.8,158.6667,25.21,87,62,7.78,RU,1641083573
190,Tautira,-17.7333,-149.15,86.02,80,100,15.66,PF,1641083573
191,Hasaki,35.7333,140.8333,34.29,41,100,6.4,JP,1641083574
192,Sedona,34.8697,-111.761,35.35,53,1,0.0,US,1641083574
193,Roald,62.5833,6.1333,48.34,76,75,17.27,NO,1641083575
194,Bose,45.4612,8.0137,47.17,81,12,2.35,IT,1641083576
195,Carutapera,-1.195,-46.02,75.36,92,100,5.08,BR,1641083576
196,Laiyang,36.9758,120.7136,30.51,53,0,10.29,CN,1641083577
197,Kosa,59.9445,54.9977,18.3,96,100,5.26,RU,1641083577
198,Dorokhovo,55.5506,36.3744,22.73,91,100,11.52,RU,1641083578
199,Asău,46.4333,26.4,41.92,95,88,3.94,RO,1641083579
200,Kirkland Lake,48.1446,-80.0377,-10.37,84,16,3.24,CA,1641083579
201,Haimen,23.1935,116.6142,55.29,72,0,7.74,CN,1641083580
202,Jiayuguan City,39.8167,98.3,19.09,34,100,3.78,CN,1641083581
203,Igurubi,-4.0,33.7,66.22,84,100,4.54,TZ,1641083582
204,Arefu,45.3333,24.6,46.06,92,83,6.44,RO,1641083582
205,Cherskiy,68.75,161.3,-5.4,96,100,6.55,RU,1641083422
206,Hofn,64.2539,-15.2082,26.24,66,100,33.67,IS,1641083584
207,Solnechnyy,50.7214,136.6319,-10.37,87,100,3.91,RU,1641083585
208,Cayenne,4.9333,-52.3333,80.1,82,0,5.01,GF,1641083585
209,Kupang,-10.1667,123.5833,83.75,73,100,3.15,ID,1641083586
210,Sinazongwe,-17.2614,27.4618,74.82,79,19,3.62,ZM,1641083586
211,Honningsvåg,70.9821,25.9704,27.82,66,65,20.2,NO,1641083587
212,Kumul,42.8,93.45,18.1,59,97,4.03,CN,1641083588
213,Hilo,19.7297,-155.09,80.8,80,20,12.66,US,1641083588
214,Kurdzhinovo,43.9884,40.9552,39.07,70,100,4.63,RU,1641083589
215,Touros,-5.1989,-35.4608,81.5,77,100,12.88,BR,1641083590
216,Lata,40.1629,-8.3327,59.05,70,100,3.74,PT,1641083590
217,Honiara,-9.4333,159.95,81.23,88,100,8.16,SB,1641083520
218,Barrow,71.2906,-156.7887,-18.38,76,1,6.91,US,1641083591
219,Khatanga,71.9667,102.5,-56.2,99,89,3.83,RU,1641083592
220,Richards Bay,-28.783,32.0377,71.96,97,100,10.94,ZA,1641083593
221,City of San Pedro,14.35,121.0167,78.03,70,75,0.0,PH,1641083593
222,Nishihara,26.1842,127.7558,65.48,64,75,4.61,JP,1641083594
223,Ossora,59.2353,163.0719,32.79,78,100,31.0,RU,1641083595
224,Omboué,-1.5746,9.2618,75.72,89,98,2.55,GA,1641083595
225,Songea,-10.6833,35.65,63.01,96,99,0.76,TZ,1641083596
226,Río Gallegos,-51.6226,-69.2181,53.65,37,40,31.07,AR,1641083597
227,Lagoa,39.05,-27.9833,60.75,68,100,12.26,PT,1641083597
228,Muyezerskiy,63.9333,31.65,12.9,93,89,10.22,RU,1641083598
229,Seoul,37.5683,126.9778,29.64,86,75,4.61,KR,1641083530
230,Pachmarhi,22.4667,78.4333,48.74,83,54,2.42,IN,1641083599
231,Karratha,-20.7377,116.8463,84.15,63,6,10.67,AU,1641083600
232,Cervo,43.6702,-7.4101,60.8,79,100,12.88,ES,1641083601
233,Nanortalik,60.1432,-45.2371,26.02,76,100,5.01,GL,1641083601
234,Salalah,17.0151,54.0924,73.51,72,100,7.85,OM,1641083602
235,Henties Bay,-22.116,14.2845,58.86,94,32,8.57,NA,1641083602
236,Jiaocheng,24.6774,116.1389,55.98,66,99,3.15,CN,1641083603
237,Saint George,37.1041,-113.5841,37.99,36,1,1.01,US,1641083604
238,Omsukchan,62.5333,155.8,-17.82,98,100,8.12,RU,1641083604
239,Codrington,-38.2667,141.9667,69.62,59,67,12.75,AU,1641083605
240,Port-Gentil,-0.7193,8.7815,78.96,83,100,7.02,GA,1641083606
241,Anchorage,61.2181,-149.9003,14.45,53,1,20.71,US,1641083588
242,Dicabisagan,17.0818,122.4157,72.14,82,97,7.31,PH,1641083607
243,Roccastrada,43.0099,11.1665,54.9,94,37,3.18,IT,1641083607
244,Aquiraz,-3.9014,-38.3911,82.49,85,99,7.65,BR,1641083608
245,Kununurra,-15.7667,128.7333,89.58,66,74,4.61,AU,1641083609
246,Saint-François,46.4154,3.9054,33.24,100,90,3.44,FR,1641083609
247,Povenets,62.8487,34.8262,19.8,89,94,13.89,RU,1641083610
248,Tibú,8.639,-72.7358,75.54,81,49,1.34,CO,1641083611
249,Maniitsoq,65.4167,-52.9,16.92,72,100,10.22,GL,1641083611
250,Peno,56.9262,32.7426,11.44,93,91,9.33,RU,1641083612
251,Mosquera,4.7059,-74.2302,59.09,88,40,4.61,CO,1641083613
252,Olonets,60.9847,32.9698,10.71,94,26,8.16,RU,1641083613
253,Natchez,31.5604,-91.4032,77.22,78,90,16.11,US,1641083614
254,Vanavara,60.34,102.2797,-30.91,100,38,2.44,RU,1641083615
255,Lexington,37.9887,-84.4777,55.29,90,90,4.0,US,1641083615
256,Singaraja,-8.112,115.0882,79.97,74,72,0.54,ID,1641083616
257,Nouadhibou,20.931,-17.0347,69.78,46,0,12.66,MR,1641083616
258,Te Anau,-45.4167,167.7167,78.04,40,100,3.29,NZ,1641083617
259,Dzilam González,21.2833,-88.9333,83.01,48,0,9.31,MX,1641083340
260,São Gabriel da Cachoeira,-0.1303,-67.0892,73.11,98,60,1.79,BR,1641083618
261,Chumikan,54.7183,135.315,-16.8,85,19,18.95,RU,1641083619
262,Bilibino,68.0546,166.4372,4.62,89,100,5.39,RU,1641083620
263,Hambantota,6.1241,81.1185,75.54,100,20,6.91,LK,1641083620
264,Bloomfield,40.8068,-74.1854,55.71,94,90,1.01,US,1641083621
265,Asilah,35.465,-6.0348,55.26,67,7,6.26,MA,1641083621
266,Oistins,13.0667,-59.5333,78.89,57,20,18.41,BB,1641083622
267,Grindavik,63.8424,-22.4338,25.27,63,40,37.98,IS,1641083623
268,Novo Aripuanã,-5.1206,-60.3797,73.87,99,99,2.86,BR,1641083623
269,Panguipulli,-39.6333,-72.3333,55.9,99,100,6.31,CL,1641083624
270,Camargo,27.6667,-105.1667,64.78,17,100,16.06,MX,1641083625
271,Yar-Sale,66.8333,70.8333,-0.76,96,99,13.06,RU,1641083625
272,Morondava,-20.2833,44.2833,75.0,80,62,3.18,MG,1641083525
273,Tutóia,-2.7619,-42.2744,78.78,84,100,6.06,BR,1641083626
274,La Ronge,55.1001,-105.2842,-23.55,69,40,3.44,CA,1641083627
275,Oriximiná,-1.7656,-55.8661,74.48,94,70,1.45,BR,1641083628
276,Portland,45.5234,-122.6762,35.44,76,75,3.0,US,1641083628
277,Zonguldak,41.25,31.8333,42.89,98,100,4.61,TR,1641083441
278,La Ciotat,43.1748,5.6045,52.79,94,19,4.45,FR,1641083403
279,Kokologo,12.1897,-1.8856,71.46,18,100,9.46,BF,1641083630
280,Olinda,-8.0089,-34.8553,82.13,74,20,6.91,BR,1641083631
281,Caucaia,-3.7361,-38.6531,82.35,77,40,6.91,BR,1641083631
282,Buraidah,26.326,43.975,57.65,93,72,5.46,SA,1641083632
283,Lüderitz,-26.6481,15.1594,63.73,79,0,23.35,NA,1641083413
284,Ponta Delgada,37.7333,-25.6667,63.32,82,20,9.22,PT,1641083633
285,Nagato,34.3833,131.2,40.91,58,7,10.47,JP,1641083634
286,Jacqueville,5.2052,-4.4146,80.51,79,79,8.59,CI,1641083634
287,Dunedin,-45.8742,170.5036,71.4,60,98,6.49,NZ,1641083361
288,Adrar,20.5022,-10.0711,61.66,22,0,11.59,MR,1641083636
289,Nome,64.5011,-165.4064,-5.73,71,1,4.61,US,1641083636
290,Sitka,57.0531,-135.33,35.49,87,90,8.05,US,1641083637
291,Socoltenango,16.2167,-92.25,63.23,59,11,6.29,MX,1641083638
292,George Town,5.4112,100.3354,79.9,81,20,3.0,MY,1641083580
293,Deniliquin,-35.5333,144.9667,97.68,15,96,9.64,AU,1641083639
294,Gaurnadi,22.9667,90.2333,57.94,74,98,6.15,BD,1641083639
295,Morvi,22.8167,70.8333,65.41,59,0,7.83,IN,1641083640
296,Kruisfontein,-34.0033,24.7314,63.88,75,4,12.73,ZA,1641083641
297,Santa Rosa,14.3122,121.1114,78.78,73,54,18.19,PH,1641083641
298,Abhā,18.2164,42.5053,55.22,62,20,6.91,SA,1641083642
299,Williams Lake,52.1415,-122.1445,15.37,75,75,13.0,CA,1641083643
300,Los Llanos de Aridane,28.6585,-17.9182,70.12,25,0,5.01,ES,1641083638
301,Statesboro,32.4488,-81.7832,74.73,64,1,8.05,US,1641083644
302,Parry Sound,45.3501,-80.033,24.22,73,100,12.33,CA,1641083644
303,Teya,60.3778,92.6267,-1.55,98,100,3.78,RU,1641083645
304,Riyadh,24.6877,46.7219,60.94,95,100,10.65,SA,1641083480
305,Bar Harbor,44.3876,-68.2039,48.24,92,90,0.0,US,1641083646
306,Ayan,56.45,138.1667,-12.03,78,0,11.27,RU,1641083607
307,Ambon City,-3.6954,128.1814,84.34,79,20,4.61,ID,1641083647
308,Savannah Bight,16.45,-85.85,80.65,81,50,26.51,HN,1641083648
309,Yatsuomachi-higashikumisaka,36.5667,137.1333,33.22,58,20,8.05,JP,1641083649
310,Carnarvon,-24.8667,113.6333,78.87,69,0,14.97,AU,1641083649
311,Bethel,41.3712,-73.414,52.84,93,90,0.0,US,1641083517
312,São José dos Campos,-23.1794,-45.8869,70.29,88,75,2.3,BR,1641083457
313,Sola,-13.8833,167.55,83.55,73,100,9.86,VU,1641083651
314,Inhambane,-23.865,35.3833,77.59,80,6,8.55,MZ,1641083652
315,Chornukhy,50.2673,32.942,32.07,85,100,22.15,UA,1641083653
316,Bambous Virieux,-20.3428,57.7575,77.22,78,40,8.05,MU,1641083653
317,Thompson,55.7435,-97.8558,-20.04,76,1,3.44,CA,1641083654
318,Tynda,55.1667,124.7167,-9.63,95,100,4.21,RU,1641083655
319,Chernoyerkovskaya,45.4331,37.7686,39.7,91,100,14.05,RU,1641083655
320,Coquimbo,-29.9533,-71.3436,64.08,75,0,6.15,CL,1641083443
321,Puquio,-14.7,-74.1333,55.44,78,100,2.15,PE,1641083656
322,Egvekinot,66.3167,-179.1667,-11.51,74,95,1.19,RU,1641083657
323,Rincon,32.296,-81.2354,75.38,88,1,8.05,US,1641083658
324,Bako,5.7833,36.5667,65.5,46,5,4.05,ET,1641083658
325,Havøysund,70.9963,24.6622,20.28,79,42,19.51,NO,1641083659
326,Manavgat,36.7867,31.4431,55.81,71,94,2.89,TR,1641083660
327,Thaton,16.9206,97.3714,72.64,75,2,3.51,MM,1641083660
328,Zhigansk,66.7697,123.3711,-40.47,100,100,1.63,RU,1641083661
329,Quelimane,-17.8786,36.8883,80.55,89,20,3.44,MZ,1641083652
330,Whyalla,-33.0333,137.5833,82.29,47,0,17.27,AU,1641083662
331,Isfahan,32.6572,51.6776,35.24,54,99,1.5,IR,1641083413
332,Vila Velha,-20.3297,-40.2925,78.75,87,75,5.99,BR,1641083421
333,Pervomayskoye,43.919,46.7102,38.93,74,100,1.3,RU,1641083664
334,Lazarev,52.225,141.5131,-13.41,89,3,3.89,RU,1641083665
335,Severnoye,56.3491,78.3619,3.83,85,100,8.16,RU,1641083665
336,Batticaloa,7.7102,81.6924,77.61,86,100,8.88,LK,1641083666
337,Mandalgovi,45.7625,106.2708,5.23,41,69,9.62,MN,1641083666
338,Belyy Yar,53.6039,91.3903,-9.51,84,20,0.0,RU,1641083667
339,Harper,4.375,-7.7169,79.56,85,91,9.17,LR,1641083668
340,Mersing,2.4312,103.8405,76.91,94,40,9.22,MY,1641083668
341,Staraya Kulatka,52.7167,47.6167,29.89,99,100,4.32,RU,1641083669
342,Praia,14.9215,-23.5087,73.94,73,0,16.11,CV,1641083408
343,Puerto Carreño,6.189,-67.4859,83.08,48,12,13.42,CO,1641083670
344,Geraldton,-28.7667,114.6,77.13,53,0,10.36,AU,1641083671
345,Borshchiv,48.8033,26.0435,41.14,71,100,15.41,UA,1641083672
346,Porto-Novo,6.4965,2.6036,82.22,82,62,4.56,BJ,1641083639
347,Port Hardy,50.6996,-127.4199,45.75,93,90,26.46,CA,1641083673
348,Lypnyazhka,48.4469,31.0761,36.37,81,100,20.8,UA,1641083673
349,Bulungu,-4.55,18.6,69.91,97,100,0.65,CD,1641083674
350,Zarubino,42.63,131.0922,14.59,58,0,26.02,RU,1641083675
351,Ballyshannon,54.5,-8.1833,47.61,82,100,18.25,IE,1641083675
352,Miquelon,47.0975,-56.3814,37.74,78,61,21.25,PM,1641083676
353,Peleduy,59.6289,112.7406,-7.83,100,100,1.59,RU,1641083473
354,Veracruz,19.3333,-96.6667,77.27,61,0,3.29,MX,1641083677
355,San Patricio,28.017,-97.5169,82.49,40,100,4.43,US,1641083678
356,Kachug,53.9606,105.8817,8.49,92,100,7.25,RU,1641083678
357,Vryheid,-27.7695,30.7917,59.67,81,1,2.98,ZA,1641083679
358,Wencheng,33.0559,113.7978,35.82,49,38,5.3,CN,1641083680
359,Green River,41.5286,-109.4662,10.98,65,11,8.01,US,1641083680
360,Manatí,18.4275,-66.4921,78.57,80,26,8.72,PR,1641083681
361,Fort Nelson,58.8053,-122.7002,-13.41,70,90,16.11,CA,1641083682
362,Vryburg,-26.9566,24.7284,66.16,24,0,7.7,ZA,1641083682
363,Monrovia,6.3005,-10.7969,76.77,82,46,8.12,LR,1641083683
364,Fenoarivo,-18.933,47.4354,66.27,100,75,4.61,MG,1641083684
365,Ilulissat,69.2167,-51.1,14.02,41,75,10.36,GL,1641083554
366,Aykhal,66.0,111.5,-32.19,99,100,3.89,RU,1641083685
367,Shetpe,44.1667,52.1167,34.7,85,100,8.3,KZ,1641083685
368,Guerrero Negro,27.9769,-114.0611,60.35,64,0,11.16,MX,1641083686
369,Esperance,-33.8667,121.9,67.84,62,68,8.63,AU,1641083687
370,Lakes Entrance,-37.8811,147.981,82.38,41,69,6.44,AU,1641083687
371,Kapoeta,4.7717,33.5903,81.36,32,5,10.89,SS,1641083688
372,Suntar,62.1444,117.6319,-18.17,100,100,3.4,RU,1641083689
373,Fuxin,42.0156,121.6589,13.39,47,0,3.94,CN,1641083690
374,Sumbawanga,-7.9667,31.6167,55.0,94,99,1.48,TZ,1641083690
375,Nelidovo,56.2211,32.7774,12.56,91,96,9.51,RU,1641083691
376,São João da Barra,-21.6403,-41.0511,72.77,86,100,0.34,BR,1641083691
377,Jalalpur Jattan,32.6374,74.2183,48.07,76,40,0.0,PK,1641083692
378,Carman,49.4992,-98.0016,-12.08,76,8,4.61,CA,1641083693
379,Luganville,-15.5333,167.1667,88.59,64,100,6.49,VU,1641083693
380,Marathon,44.9,-89.7668,13.24,70,20,5.75,US,1641083694
381,Kintampo,8.0563,-1.7306,77.74,22,23,1.07,GH,1641083695
382,Pisco,-13.7,-76.2167,68.05,83,0,4.61,PE,1641083695
383,Banjar,-8.19,114.9675,80.46,73,77,1.9,ID,1641083696
384,Bathsheba,13.2167,-59.5167,79.41,57,20,18.41,BB,1641083696
385,Ayna,-12.65,-73.9167,65.48,72,100,2.48,PE,1641083697
386,High Level,58.5169,-117.136,-0.29,85,90,9.22,CA,1641083698
387,Jutaí,-5.1833,-68.9,75.22,94,35,3.11,BR,1641083698
388,Nuevo Progreso,23.1667,-97.95,83.59,68,0,1.99,MX,1641083699
389,Puerto Escondido,15.85,-97.0667,83.23,74,1,6.91,MX,1641083699
390,Pouébo,-20.4,164.5667,82.8,78,100,11.97,NC,1641083700
391,Rawson,-43.3002,-65.1023,77.29,29,100,29.28,AR,1641083701
392,Marystown,47.1666,-55.1483,35.85,100,21,9.4,CA,1641083701
393,Ketchikan,55.3422,-131.6461,37.87,93,90,8.05,US,1641083702
394,Ixtapa,20.7,-105.2,78.03,65,1,11.5,MX,1641083702
395,Makkah al Mukarramah,21.4267,39.8261,67.21,77,0,5.37,SA,1641083624
396,Pingliang,35.5392,106.6861,26.82,75,7,5.14,CN,1641083704
397,Baruun-Urt,46.6806,113.2792,-4.43,90,100,4.74,MN,1641083705
398,Ishigaki,24.3448,124.1572,66.33,88,75,8.05,JP,1641083705
399,Yauya,-8.9833,-77.3,54.95,73,93,3.58,PE,1641083706
400,Kualakapuas,-3.0091,114.3876,78.96,83,100,2.1,ID,1641083706
401,Moussoro,13.6408,16.4901,63.32,23,0,16.55,TD,1641083707
402,Lakatoro,-16.0999,167.4164,87.76,63,100,5.39,VU,1641083708
403,Edéa,3.8,10.1333,76.78,94,63,1.12,CM,1641083708
404,Yerbogachën,61.2767,108.0108,-34.22,100,72,3.47,RU,1641083709
405,Quatre Cocos,-20.2078,57.7625,77.09,67,97,9.04,MU,1641083710
406,Port Augusta,-32.5,137.7667,95.7,22,90,5.77,AU,1641083710
407,San Juan Bautista,-14.0108,-75.7358,63.23,69,100,3.53,PE,1641083711
408,Ha Tinh,18.3333,105.9,65.3,92,100,7.54,VN,1641083711
409,Royan,45.6285,-1.0281,57.85,66,100,11.97,FR,1641083495
410,Iqaluit,63.7506,-68.5145,15.53,79,90,11.5,CA,1641083713
411,Yumen,40.2833,97.2,17.8,48,98,9.71,CN,1641083713
412,Mucurapo,10.6667,-61.5333,78.26,78,51,9.75,TT,1641083714
413,San Rafael,-34.6177,-68.3301,77.88,24,72,8.23,AR,1641083538
414,Rocha,-34.4833,-54.3333,69.04,76,100,5.88,UY,1641083715
415,Apacilagua,13.4797,-87.0755,87.28,55,40,5.75,HN,1641083716
416,Wuwei,37.9281,102.6414,19.6,44,88,3.83,CN,1641083716
417,Muisne,0.6,-80.0333,74.98,84,100,8.75,EC,1641083717
418,Beyneu,45.3167,55.2,33.08,79,100,9.46,KZ,1641083718
419,Santa Rosalía,27.3167,-112.2833,59.29,67,37,12.82,MX,1641083718
420,Sakakah,29.9697,40.2064,54.97,74,100,14.36,SA,1641083516
421,Nhulunbuy,-12.2333,136.7667,88.41,70,40,9.22,AU,1641083719
422,Cranbrook,49.4999,-115.7688,9.46,78,90,0.0,CA,1641083720
423,Katangli,51.7102,143.2326,-2.92,89,6,12.1,RU,1641083721
424,Kudahuvadhoo,2.6708,72.8944,80.94,77,100,10.33,MV,1641083721
425,Teguise,29.0605,-13.564,59.22,36,0,3.44,ES,1641083722
426,Namatanai,-3.6667,152.4333,85.62,69,100,6.58,PG,1641083723
427,Iskateley,67.6803,53.1512,11.68,95,100,15.08,RU,1641083723
428,Inndyr,67.0338,14.0276,29.77,62,100,16.08,NO,1641083724
429,Manta,-0.95,-80.7333,74.98,78,75,9.22,EC,1641083724
430,Kahului,20.8947,-156.47,82.42,72,40,5.75,US,1641083725
431,Ocean City,39.2776,-74.5746,57.22,96,100,3.0,US,1641083726
432,Tokmak,47.2514,35.7058,36.36,98,100,14.58,UA,1641083726
433,Leh,34.1667,77.5833,6.24,84,100,4.07,IN,1641083727
434,Carmo do Paranaíba,-19.0008,-46.3161,66.76,97,100,2.86,BR,1641083727
435,Qandala,11.472,49.8728,74.55,75,5,8.08,SO,1641083728
436,Avera,33.194,-82.5271,74.71,68,0,16.96,US,1641083729
437,Nizhniy Baskunchak,48.2198,46.8311,39.33,95,100,21.14,RU,1641083729
438,Esim,4.8699,-2.2405,79.0,85,51,6.38,GH,1641083730
439,Vaitape,-16.5167,-151.75,81.37,75,90,12.19,PF,1641083731
440,Nouakchott,18.0858,-15.9785,67.93,30,31,12.01,MR,1641083662
441,Dayong,25.0209,118.2898,58.68,70,1,2.71,CN,1641083732
442,Virginia Beach,36.8529,-75.978,73.45,78,1,12.66,US,1641083732
443,Esso,55.9333,158.7,24.31,94,99,12.35,RU,1641083733
444,San Jose,37.3394,-121.895,54.28,51,20,0.0,US,1641083734
445,Verkhnevilyuysk,63.4453,120.3167,-38.22,100,91,1.57,RU,1641083734
446,Kamenka,51.3223,42.7678,29.75,96,97,11.74,RU,1641083735
447,Waitati,-45.75,170.5667,75.29,53,100,6.53,NZ,1641083736
448,Iquique,-20.2208,-70.1431,68.9,73,5,1.59,CL,1641083736
449,Pinotepa Nacional,16.3167,-98.0167,72.12,82,0,1.14,MX,1641083737
450,Ola,59.5833,151.2833,0.39,87,100,14.81,RU,1641083738
451,Chapais,49.7834,-74.8492,-11.42,100,32,3.06,CA,1641083738
452,Marquette,46.5333,-87.6335,11.35,75,100,8.52,US,1641083739
453,Raduzhny,62.0961,77.475,10.58,95,100,7.52,RU,1641083739
454,Turukhansk,65.8167,87.9833,-17.97,90,100,9.28,RU,1641083478
455,Port Lincoln,-34.7333,135.8667,69.31,69,38,14.14,AU,1641083741
456,Caravelas,-17.7125,-39.2481,76.64,86,100,7.85,BR,1641083742
457,Kaeo,-35.1,173.7833,77.32,71,8,13.85,NZ,1641083742
458,Tual,-5.6667,132.75,79.63,82,100,6.58,ID,1641083743
459,Salinópolis,-0.6136,-47.3561,77.9,86,100,8.43,BR,1641083743
460,Újhartyán,47.2198,19.3864,51.31,89,15,2.19,HU,1641083744
461,Mount Isa,-20.7333,139.5,98.37,32,22,10.36,AU,1641083745
462,Altayskoye,51.9533,85.3325,5.97,75,19,6.58,RU,1641083745
463,Faya,18.3851,42.4509,55.51,70,6,6.64,SA,1641083746
464,Medianeira,-25.2953,-54.0939,82.47,49,30,4.16,BR,1641083747
465,San Quintín,30.4833,-115.95,57.96,63,3,6.08,MX,1641083747
466,Bubaque,11.2833,-15.8333,79.36,77,66,9.89,GW,1641083748
467,Chai Badan,15.2,101.1333,74.89,71,10,14.36,TH,1641083748
468,Georgiyevka,43.0369,74.7114,28.44,86,100,2.24,KZ,1641083749
469,Tuatapere,-46.1333,167.6833,78.53,41,100,2.59,NZ,1641083750
470,Provideniya,64.3833,-173.3,-3.46,73,89,1.7,RU,1641083701
471,Bereda,43.2686,-7.5406,56.75,90,100,6.73,ES,1641083751
472,Scottsbluff,41.8666,-103.6672,9.72,73,1,1.99,US,1641083752
473,Fernie,49.5,-115.0687,12.29,100,100,3.94,CA,1641083752
474,Värnamo,57.186,14.04,41.76,97,100,7.0,SE,1641083753
475,Mogadishu,2.0371,45.3438,76.39,77,1,14.41,SO,1641083753
476,Boralday,43.3578,76.8594,21.06,93,40,4.47,KZ,1641083754
477,Malanje,-9.5402,16.341,64.53,99,100,2.24,AO,1641083755
478,Brae,60.3964,-1.353,48.11,81,4,30.38,GB,1641083755
479,Talnakh,69.4865,88.3972,-35.81,98,69,4.72,RU,1641083756
480,Maués,-3.3836,-57.7186,72.72,98,99,1.95,BR,1641083757
481,Vaxjo,56.8777,14.8091,37.8,100,90,13.8,SE,1641083757
482,Ginir,7.1333,40.7,55.72,59,6,3.71,ET,1641083758
483,Walvis Bay,-22.9575,14.5053,59.09,82,0,3.44,NA,1641083759
484,Kibala,9.1104,18.3463,69.75,35,0,6.91,TD,1641083759
485,Kantunilkín,21.0917,-87.45,78.64,91,0,3.33,MX,1641083760
486,Yaan,7.3833,8.5667,76.59,19,16,4.97,NG,1641083760
487,Rion,34.3071,-81.1251,74.14,76,1,16.11,US,1641083761
488,Samaná,19.2056,-69.3369,76.19,64,79,9.28,DO,1641083762
489,Pangoa,-12.1167,-73.0,74.5,91,100,0.85,PE,1641083762
490,Ugoofaaru,5.6667,73.0,81.1,78,49,15.03,MV,1641083763
491,Moindou,-21.6924,165.677,89.55,71,100,13.47,NC,1641083764
492,Hornepayne,49.2138,-84.7705,-8.93,98,100,3.24,CA,1641083764
493,Krasnyy Kholm,58.0607,37.1203,12.67,93,100,11.99,RU,1641083765
494,Noumea,-22.2763,166.4572,89.58,99,100,10.74,NC,1641083766
495,Haines Junction,60.7522,-137.5108,-0.45,60,100,10.36,CA,1641083766
496,Olhão,37.0286,-7.8411,53.49,100,20,6.91,PT,1641083767
497,Íos,36.7333,25.2833,60.04,66,7,15.01,GR,1641083767
498,Yanai,33.9667,132.1167,45.57,61,4,3.53,JP,1641083768
499,Kaniv,49.7518,31.46,32.63,81,99,23.35,UA,1641083769
500,Plaisance-du-Touch,43.5657,1.2975,54.14,93,23,3.44,FR,1641083769
501,La Plata,-34.9215,-57.9545,73.99,61,100,9.51,AR,1641083770
502,Igrim,63.1906,64.4162,5.83,99,100,2.42,RU,1641083771
503,Hobyo,5.3505,48.5268,77.25,77,3,12.03,SO,1641083771
504,Diffa,13.3154,12.6113,63.86,42,0,10.16,NE,1641083772
505,Aksu,41.1231,80.2644,19.96,64,100,1.92,CN,1641083772
506,Marawi,7.9986,124.2928,69.66,76,100,2.01,PH,1641083773
507,Ankara,39.9199,32.8543,41.2,95,75,1.01,TR,1641083548
508,Ranong,9.9658,98.6348,69.73,83,40,5.32,TH,1641083774
509,Puruarán,19.1,-101.5333,74.88,58,0,3.83,MX,1641083775
510,Venado Tuerto,-33.7456,-61.9688,74.19,62,0,0.11,AR,1641083775
511,Loei,17.4167,101.5,60.44,83,96,2.64,TH,1641083776
512,Ulaangom,49.9811,92.0667,-17.81,83,45,3.76,MN,1641083777
513,Qazvin,36.2797,50.0049,38.86,95,99,6.67,IR,1641083618
514,Sioux Lookout,50.1001,-91.917,-12.62,84,1,4.61,CA,1641083778
515,Taltal,-25.4,-70.4833,67.51,83,23,4.76,CL,1641083779
516,Husavik,66.0449,-17.3389,21.11,76,100,29.59,IS,1641083779
517,Rio Grande,-32.035,-52.0986,72.5,88,100,15.19,BR,1641083780
518,Sooke,48.3746,-123.7276,37.13,78,100,11.5,CA,1641083780
519,Nokaneng,-19.6667,22.2667,72.18,64,55,4.97,BW,1641083781
520,Arrondissement de Limoux,42.9167,2.1667,47.1,47,18,5.53,FR,1641083782
521,Tiznit Province,29.5833,-9.5,61.11,26,0,7.63,MA,1641083782
522,Katobu,-4.9408,122.5276,82.9,73,99,1.36,ID,1641083783
523,Baní,18.2833,-70.3333,74.75,72,10,14.0,DO,1641083784
524,Shalakusha,62.2247,40.2539,18.12,93,100,10.58,RU,1641083784
525,Sept-Îles,50.2001,-66.3821,32.52,97,90,3.0,CA,1641083785
526,Tago,9.0211,126.2317,77.95,90,100,9.82,PH,1641083785
527,Awjilah,29.1081,21.2869,55.45,89,1,9.66,LY,1641083786
528,Libertador General San Martín,-23.8064,-64.7876,90.97,37,26,5.23,AR,1641083787
529,Beloha,-25.1667,45.05,73.69,74,98,7.14,MG,1641083787
530,Laas,46.6166,10.7002,41.88,36,86,2.66,IT,1641083788
531,Prachuap Khiri Khan,12.2167,99.75,70.11,74,5,4.34,TH,1641083788
532,Beringovskiy,63.05,179.3167,24.26,94,100,13.31,RU,1641083789
533,Punta Alta,-38.8759,-62.0736,78.28,27,31,12.3,AR,1641083790
534,Rāy,23.6833,85.05,50.77,82,3,3.24,IN,1641083790
535,Belmonte,-15.8631,-38.8828,79.3,85,100,7.43,BR,1641083791
536,Favara,37.3175,13.6623,48.34,79,0,5.53,IT,1641083792
537,Winnemucca,40.973,-117.7357,21.25,58,1,6.91,US,1641083792
538,Carupano,10.6678,-63.2585,74.91,86,0,11.07,VE,1641083793
539,Goranboy,40.6103,46.7897,42.04,51,2,13.33,AZ,1641083584
540,Pedersore,63.65,22.6833,29.89,87,100,5.93,FI,1641083794
541,Zhangjiakou,40.81,114.8794,13.95,57,0,0.85,CN,1641083795
542,Ambanja,-13.6833,48.45,74.48,91,100,2.46,MG,1641083795
543,Praia,14.9215,-23.5087,73.94,73,0,16.11,CV,1641083796
544,Tegul'det,57.3064,88.1667,4.23,86,100,5.55,RU,1641083797
545,Quanzhou,24.9139,118.5858,58.95,70,14,6.91,CN,1641083797
546,Pedernales,18.0384,-71.744,75.72,63,0,8.41,DO,1641083798
547,Bocana de Paiwas,12.7857,-85.1227,70.54,95,100,5.61,NI,1641083799
548,Andenes,69.3143,16.1194,30.18,51,100,26.46,NO,1641083799
549,Qaqortoq,60.7167,-46.0333,19.9,74,100,5.12,GL,1641083800
550,Chinna Salem,11.65,78.9,70.3,91,89,6.82,IN,1641083800
551,Mt. Pleasant,32.7941,-79.8626,68.25,93,1,5.01,US,1641083801
552,Upata,8.0086,-62.3989,69.4,90,34,6.17,VE,1641083802
553,Katsuura,35.1333,140.3,40.1,49,84,2.73,JP,1641083802
554,Bariloche,-41.1456,-71.3082,53.35,87,75,24.16,AR,1641083803
555,Umeå,63.8284,20.2597,6.73,92,0,1.14,SE,1641083803
556,Baykit,61.67,96.37,-30.78,100,60,0.92,RU,1641083804
557,Elko,41.0002,-115.5012,15.82,97,6,2.53,US,1641083805
558,Cassilândia,-19.1133,-51.7342,70.63,89,52,4.34,BR,1641083805
559,Montevideo,-34.8335,-56.1674,71.31,73,0,3.44,UY,1641083709
560,Ibb,13.9667,44.1833,57.4,58,100,0.76,YE,1641083807
561,Troutdale,45.5393,-122.3873,36.99,71,1,1.01,US,1641083807
562,Ṭikāpur,28.5,81.1333,49.21,74,0,2.75,NP,1641083808
563,Cheyenne,41.14,-104.8203,13.35,68,1,8.05,US,1641083809
564,Katherine,-14.4667,132.2667,88.12,62,58,9.22,AU,1641083809
565,Tevaitoa,-16.7833,-151.5,80.2,80,100,13.38,PF,1641083810
566,Mach,29.8637,67.3298,46.9,72,8,1.83,PK,1641083810
567,Shahr-e Bābak,30.1165,55.1186,42.82,77,93,7.4,IR,1641083811
568,Port Macquarie,-31.4333,152.9167,77.9,55,1,8.5,AU,1641083812
569,Saint-Pierre,-21.3393,55.4781,74.88,68,0,5.75,RE,1641083812
570,Portobelo,9.55,-79.65,81.01,84,65,6.13,PA,1641083813
571,Stornoway,58.2093,-6.3865,49.96,77,75,10.0,GB,1641083730
572,Viedma,-40.8135,-62.9967,79.52,26,0,25.14,AR,1641083699
573,Antofagasta,-23.65,-70.4,66.24,84,6,4.94,CL,1641083815
574,Nemuro,43.3236,145.575,18.03,57,67,12.15,JP,1641083816
575,Idrinskoye,54.3708,92.1358,0.46,98,100,2.71,RU,1641083816
