City ID,City,Lat,Lng,Max Temp,Humidity,Cloudiness,Wind Speed,Country,Date
0,Ōzu,33.5,132.55,44.19,61,63,4.68,JP,1641168893
1,Laguna,38.421,-121.4238,55.24,68,1,1.01,US,1641168893
2,Bealanana,-14.55,48.7333,65.17,96,98,0.4,MG,1641168893
3,Bredasdorp,-34.5322,20.0403,58.32,82,88,3.44,ZA,1641168893
4,Ouadda,8.0777,22.4007,70.97,28,47,7.23,CF,1641168893
5,Hobart,-42.8794,147.3294,64.02,68,75,1.01,AU,1641168893
6,Lodhran,29.5405,71.6336,57.16,26,97,4.97,PK,1641168893
7,Jamestown,42.097,-79.2353,26.1,70,90,5.99,US,1641168893
8,Lae,-6.7221,146.9847,84.87,67,100,4.72,PG,1641168893
9,Cidreira,-30.1811,-50.2056,73.49,95,100,10.04,BR,1641168894
10,Constitución,-35.3333,-72.4167,61.59,92,12,7.25,CL,1641168894
11,Skibbereen,51.55,-9.2667,48.0,80,30,27.22,IE,1641168894
12,New Norfolk,-42.7826,147.0587,63.66,62,99,1.01,AU,1641168894
13,Mataura,-46.1927,168.8643,69.48,43,100,0.76,NZ,1641168894
14,Severo-Kuril'sk,50.6789,156.125,26.2,64,70,5.23,RU,1641168894
15,Norden,53.6,7.2,46.94,97,100,17.22,DE,1641168894
16,Vestmannaeyjar,63.4427,-20.2734,25.3,65,0,23.85,IS,1641168895
17,Tabuk,17.4189,121.4443,68.31,88,97,1.92,PH,1641168895
18,Rikitea,-23.1203,-134.9692,77.45,70,19,7.92,PF,1641168895
19,Ribeira Grande,38.5167,-28.7,58.19,86,100,26.26,PT,1641168895
20,Albany,42.6001,-73.9662,32.74,89,100,1.01,US,1641168895
21,Hermanus,-34.4187,19.2345,60.91,78,61,7.47,ZA,1641168895
22,Cabo San Lucas,22.8909,-109.9124,75.51,68,2,3.0,MX,1641168895
23,San Jerónimo,-11.9472,-75.2829,55.83,71,62,4.97,PE,1641168896
24,Kaitangata,-46.2817,169.8464,68.94,70,100,7.0,NZ,1641168896
25,Nhamundá,-2.1861,-56.7131,77.09,84,99,2.42,BR,1641168896
26,Willowmore,-33.2926,23.4895,57.94,65,77,7.72,ZA,1641168896
27,Clyde River,70.4692,-68.5914,-3.77,84,99,19.57,CA,1641168896
28,Puerto Ayora,-0.7393,-90.3518,70.47,84,66,8.32,EC,1641168896
29,Longyearbyen,78.2186,15.6401,12.04,67,40,28.77,SJ,1641168896
30,Bluff,-46.6,168.3333,69.8,70,100,3.0,NZ,1641168896
31,Port Alfred,-33.5906,26.891,64.13,78,87,2.57,ZA,1641168897
32,Ponta do Sol,32.6667,-17.1,71.13,16,21,3.96,PT,1641168897
33,Fortuna,40.5982,-124.1573,52.14,65,1,4.0,US,1641168897
34,Bandarbeyla,9.4942,50.8122,75.13,75,3,5.64,SO,1641168897
35,Yenagoa,4.9247,6.2642,77.88,88,36,3.71,NG,1641168733
36,Safi,32.2994,-9.2372,60.62,61,48,10.83,MA,1641168812
37,Meulaboh,4.1363,96.1285,75.11,88,88,3.62,ID,1641168897
38,Dubai,25.2582,55.3047,77.22,68,20,6.91,AE,1641168716
39,Boa Vista,2.8197,-60.6733,84.18,58,0,10.36,BR,1641168898
40,Mahébourg,-20.4081,57.7,73.26,71,5,6.04,MU,1641168898
41,Punta Arenas,-53.15,-70.9167,44.71,57,40,20.71,CL,1641168898
42,Ushuaia,-54.8,-68.3,42.46,49,75,39.12,AR,1641168657
43,Bluefields,12.0137,-83.7635,76.77,84,89,5.08,NI,1641168898
44,Benguela,-12.5763,13.4055,76.78,82,85,5.5,AO,1641168898
45,Port Blair,11.6667,92.75,78.73,74,33,12.37,IN,1641168898
46,Faanui,-16.4833,-151.75,76.62,86,100,12.24,PF,1641168898
47,Atuona,-9.8,-139.0333,78.96,67,18,19.62,PF,1641168899
48,Comodoro Rivadavia,-45.8667,-67.5,64.26,20,0,27.63,AR,1641168899
49,Port Elizabeth,-33.918,25.5701,64.09,84,57,2.84,ZA,1641168687
50,Bilma,18.6853,12.9164,58.8,40,48,4.81,NE,1641168900
51,Pitimbu,-7.4706,-34.8086,81.19,75,89,13.09,BR,1641168900
52,Tiksi,71.6872,128.8694,-31.92,100,85,2.1,RU,1641168812
53,Klaksvík,62.2266,-6.589,31.12,64,100,32.03,FO,1641168900
54,Bengkulu,-3.8004,102.2655,74.41,89,56,3.47,ID,1641168900
55,Oktyabr'skoye,43.0645,44.7417,28.54,92,100,13.42,RU,1641168901
56,Avarua,-21.2078,-159.775,82.45,78,20,18.41,CK,1641168901
57,Mar del Plata,-38.0023,-57.5575,69.82,84,75,10.0,AR,1641168621
58,Ahipara,-35.1667,173.1667,75.79,50,100,4.63,NZ,1641168901
59,Arraial do Cabo,-22.9661,-42.0278,75.76,90,99,18.16,BR,1641168904
60,Abū Zabad,12.35,29.25,63.46,30,70,15.14,SD,1641168904
61,Souillac,-20.5167,57.5167,73.36,74,2,6.2,MU,1641168905
62,Torbay,47.6666,-52.7314,42.28,96,90,29.93,CA,1641168905
63,Novobirilyussy,56.9514,90.6661,18.86,85,100,9.64,RU,1641168906
64,Lebu,-37.6167,-73.65,60.13,96,73,7.61,CL,1641168906
65,Aiquile,-18.2041,-65.1807,56.73,88,63,4.29,BO,1641168907
66,Havre-St-Pierre,50.2334,-63.5986,10.99,61,90,17.27,CA,1641168908
67,Leningradskiy,69.3833,178.4167,16.77,88,100,8.03,RU,1641168908
68,Quthing,-30.4,27.7003,59.31,58,54,4.85,LS,1641168909
69,Nikolskoye,59.7035,30.7861,19.4,85,100,8.08,RU,1641168909
70,Iberia,29.9502,-91.7507,37.36,69,90,24.16,US,1641168910
71,Tanga,-5.0667,39.1,76.73,91,14,8.66,TZ,1641168910
72,Vostok,46.4856,135.8833,-9.76,95,100,10.18,RU,1641168910
73,Mitsamiouli,-11.3847,43.2844,81.93,76,50,6.15,KM,1641168910
74,Cochabamba,-17.3895,-66.1568,64.69,62,74,4.16,BO,1641168739
75,Cody,44.5263,-109.0565,23.63,85,1,6.91,US,1641168911
76,Margate,51.3813,1.3862,50.88,80,21,3.0,GB,1641168911
77,Lorengau,-2.0226,147.2712,83.41,75,100,10.02,PG,1641168912
78,Komsomolets,53.7453,62.0708,25.32,94,100,14.72,KZ,1641168912
79,Tazovsky,67.4667,78.7,-25.19,98,50,8.77,RU,1641168913
80,Cam Ranh,11.9214,109.1591,73.36,88,40,11.5,VN,1641168913
81,Vardø,70.3705,31.1107,22.42,63,100,12.12,NO,1641168913
82,Neuquén,-38.9516,-68.0591,68.4,43,73,26.6,AR,1641168678
83,Filingué,14.3521,3.3168,70.21,21,99,11.36,NE,1641168913
84,Liwale,-9.7667,37.9333,69.1,99,71,1.63,TZ,1641168914
85,Ube,33.9431,131.2511,46.35,87,20,4.61,JP,1641168914
86,Dikson,73.5069,80.5464,-39.53,95,37,9.55,RU,1641168914
87,Kavieng,-2.5744,150.7967,82.36,78,84,10.36,PG,1641168914
88,Rome,43.2128,-75.4557,24.84,89,90,6.91,US,1641168859
89,Saint-Augustin,51.226,-58.6502,15.4,90,100,21.16,CA,1641168914
90,Itarema,-2.9248,-39.9167,80.29,79,21,12.55,BR,1641168915
91,Tallahassee,30.4383,-84.2807,75.85,89,90,1.99,US,1641168762
92,Florø,61.5996,5.0328,46.36,87,90,19.57,NO,1641168915
93,Qeshm,26.9581,56.2719,73.29,76,96,15.93,IR,1641168913
94,Qaanaaq,77.484,-69.3632,-4.27,70,85,7.61,GL,1641168915
95,Cape Town,-33.9258,18.4232,63.1,81,72,5.01,ZA,1641168645
96,Upernavik,72.7868,-56.1549,-1.35,82,73,7.85,GL,1641168915
97,Chokurdakh,70.6333,147.9167,-30.57,98,99,6.64,RU,1641168647
98,Quesnel,52.9999,-122.5029,20.1,97,100,3.74,CA,1641168680
99,Ancud,-41.8697,-73.8203,56.43,75,76,12.26,CL,1641168916
100,Tasiilaq,65.6145,-37.6368,8.76,58,100,5.01,GL,1641168916
101,Mason City,43.1536,-93.201,5.27,77,1,6.91,US,1641168917
102,Saldanha,-33.0117,17.9442,59.05,83,100,20.18,ZA,1641168917
103,Moctezuma,29.8,-109.6667,59.85,34,12,6.35,MX,1641168917
104,Lang Son,21.8333,106.7333,53.67,94,3,1.88,VN,1641168917
105,Yulara,-25.2406,130.9889,96.64,12,6,24.16,AU,1641168917
106,Alyangula,-13.8483,136.4192,76.87,100,75,6.91,AU,1641168918
107,Tabas,33.5959,56.9244,54.07,70,97,11.52,IR,1641168918
108,Mandan,46.8267,-100.8896,27.03,79,1,12.66,US,1641168918
109,Saskylakh,71.9167,114.0833,-50.15,100,82,2.93,RU,1641168918
110,Gilbués,-9.8317,-45.3439,72.43,94,100,3.65,BR,1641168918
111,Sibut,5.718,19.0739,73.56,26,91,4.36,CF,1641168919
112,Lučani,43.8608,20.1381,32.45,77,88,3.67,RS,1641168919
113,Pleasant Grove,40.3641,-111.7385,28.8,61,1,1.01,US,1641168919
114,Zhangye,38.9342,100.4517,15.12,55,40,0.69,CN,1641168760
115,Barra Patuca,15.8,-84.2833,77.45,84,35,8.93,HN,1641168919
116,Pevek,69.7008,170.3133,21.92,85,98,16.06,RU,1641168920
117,Sidi Ali,36.0998,0.4206,54.03,59,7,1.95,DZ,1641168920
118,Norman Wells,65.282,-126.8329,-27.36,62,75,12.66,CA,1641168920
119,Acapulco de Juárez,16.8634,-99.8901,80.42,78,20,4.61,MX,1641168631
120,Trairi,-3.2778,-39.2689,79.48,82,80,8.84,BR,1641168920
121,Tuktoyaktuk,69.4541,-133.0374,-22.0,69,40,12.66,CA,1641168920
122,Havelock,34.8791,-76.9013,68.0,88,90,10.36,US,1641168920
123,Evensk,61.95,159.2333,35.08,80,100,22.84,RU,1641168921
124,Nova Olinda do Norte,-3.8881,-59.0942,75.45,97,99,2.55,BR,1641168921
125,Yellowknife,62.456,-114.3525,-31.45,74,40,10.36,CA,1641168921
126,Merta,26.65,74.0333,55.87,53,44,5.39,IN,1641168921
127,Neiafu,-18.65,-173.9833,72.28,94,90,4.61,TO,1641168921
128,Hong Kong,22.2855,114.1577,67.95,85,75,1.01,HK,1641168922
129,Butaritari,3.0707,172.7902,81.0,65,100,11.36,KI,1641168922
130,Lapeer,43.0514,-83.3188,20.75,73,90,0.0,US,1641168922
131,Isangel,-19.55,169.2667,80.71,94,90,6.91,VU,1641168922
132,Broome,42.2506,-75.833,27.7,83,90,5.99,US,1641168922
133,Insar,53.8653,44.3738,3.24,99,100,8.61,RU,1641168853
134,Hamilton,39.1834,-84.5333,31.08,86,90,8.01,US,1641168923
135,Dingle,10.9995,122.6711,75.72,89,99,12.91,PH,1641168923
136,Castro,-24.7911,-50.0119,65.08,84,42,2.64,BR,1641168923
137,Narsaq,60.9167,-46.05,26.82,81,100,13.51,GL,1641168923
138,Coruripe,-10.1256,-36.1756,77.76,76,39,9.42,BR,1641168923
139,Kaspi,41.9252,44.4257,38.32,76,78,25.79,GE,1641168923
140,Saint-Philippe,-21.3585,55.7679,74.79,79,51,10.02,RE,1641168924
141,Vaini,-21.2,-175.2,82.56,89,75,5.75,TO,1641168924
142,Mopti,14.6667,-4.0,68.04,42,0,4.61,ML,1641168924
143,Gouré,13.9835,10.2704,66.02,34,92,11.36,NE,1641168924
144,Flin Flon,54.7682,-101.865,-7.76,77,90,9.22,CA,1641168924
145,Muravlenko,63.7898,74.523,-7.49,100,96,3.24,RU,1641168807
146,Nandu,22.8525,110.8233,57.4,85,0,1.97,CN,1641168924
147,Chui,-33.6971,-53.4616,76.57,64,46,5.99,UY,1641168924
148,Busselton,-33.65,115.3333,70.09,60,48,11.45,AU,1641168925
149,Yangi Marg`ilon,40.4272,71.7189,31.42,59,92,2.3,UZ,1641168925
150,Airai,-8.9266,125.4092,68.9,77,78,1.03,TL,1641168926
151,Moose Factory,51.2585,-80.6094,-13.02,77,1,8.05,CA,1641168926
152,Cotonou,6.3654,2.4183,81.57,77,1,10.16,BJ,1641168859
153,San Cristobal,7.7669,-72.225,73.58,73,36,0.76,VE,1641168926
154,Béjar,40.3864,-5.7634,47.57,89,38,1.14,ES,1641168926
155,Aklavik,68.2191,-135.0107,-26.57,89,100,12.5,CA,1641168926
156,Lavrentiya,65.5833,-171.0,-1.84,99,97,3.56,RU,1641168926
157,Kieta,-6.2167,155.6333,86.2,68,59,5.28,PG,1641168926
158,Sur,22.5667,59.5289,71.91,71,54,15.57,OM,1641168927
159,College,64.8569,-147.8028,-27.42,68,20,0.0,US,1641168927
160,Juneau,58.3019,-134.4197,19.45,58,75,19.57,US,1641168927
161,Veinticinco de Mayo,-35.4323,-60.1727,84.06,26,58,14.72,AR,1641168927
162,Sangmélima,2.9333,11.9833,68.18,86,92,2.82,CM,1641168927
163,Muros,42.7762,-9.0603,59.09,88,99,8.79,ES,1641168783
164,Kenitra,34.261,-6.5802,54.84,76,80,0.85,MA,1641168928
165,São Filipe,14.8961,-24.4956,77.05,60,27,11.18,CV,1641168928
166,Kapaa,22.0752,-159.319,78.78,75,1,3.0,US,1641168928
167,Yuli,9.6989,10.2744,69.3,26,27,9.89,NG,1641168928
168,Padang,-0.9492,100.3543,73.45,81,100,3.83,ID,1641168928
169,Port Keats,-14.25,129.55,85.03,73,94,6.2,AU,1641168928
170,East London,-33.0153,27.9116,65.98,76,100,4.88,ZA,1641168928
171,Tromsø,69.6496,18.957,28.42,59,40,17.27,NO,1641168928
172,Abu Samrah,35.3029,37.1841,45.03,77,15,3.94,SY,1641168929
173,Saint Paul Harbor,57.79,-152.4072,15.96,74,99,31.29,US,1641168929
174,Mildura,-34.2,142.15,80.56,36,0,10.36,AU,1641168929
175,Breisach,48.0333,7.5833,56.01,73,75,14.97,DE,1641168929
176,Yarmouth,41.7057,-70.2286,47.97,95,90,11.01,US,1641168929
177,Hithadhoo,-0.6,73.0833,81.43,78,98,10.16,MV,1641168929
178,Tura,25.5198,90.2201,55.65,65,100,2.84,IN,1641168929
179,Vitim,59.4511,112.5578,-6.34,95,99,7.56,RU,1641168930
180,The Valley,18.217,-63.0578,78.1,70,2,13.09,AI,1641168930
181,Cockburn Town,21.4612,-71.1419,78.93,65,14,19.46,TC,1641168930
182,Chimbote,-9.0853,-78.5783,69.84,82,13,7.99,PE,1641168698
183,Province of Mantua,45.1667,10.7833,43.72,91,95,3.89,IT,1641168930
184,Korla,41.7597,86.1469,19.06,68,21,1.83,CN,1641168930
185,São Geraldo do Araguaia,-6.4006,-48.555,75.29,94,69,2.15,BR,1641168931
186,Nuuk,64.1835,-51.7216,29.01,54,40,14.97,GL,1641168931
187,Palmer,42.1584,-72.3287,41.22,79,75,1.99,US,1641168931
188,Oodweyne,9.4092,45.064,66.11,54,0,4.43,SO,1641168931
189,Tigil',57.8,158.6667,24.06,96,100,9.17,RU,1641168931
190,Tautira,-17.7333,-149.15,78.82,95,100,12.06,PF,1641168931
191,Hasaki,35.7333,140.8333,41.29,48,3,9.28,JP,1641168931
192,Sedona,34.8697,-111.761,46.15,43,1,0.0,US,1641168931
193,Roald,62.5833,6.1333,43.32,87,75,9.22,NO,1641168932
194,Bose,45.4612,8.0137,41.16,81,46,1.43,IT,1641168932
195,Carutapera,-1.195,-46.02,76.12,94,100,6.04,BR,1641168932
196,Laiyang,36.9758,120.7136,29.32,70,66,3.85,CN,1641168932
197,Kosa,59.9445,54.9977,11.88,95,100,7.23,RU,1641168932
198,Dorokhovo,55.5506,36.3744,17.33,98,93,3.29,RU,1641168932
199,Asău,46.4333,26.4,42.76,92,92,7.92,RO,1641168932
200,Kirkland Lake,48.1446,-80.0377,-6.77,84,76,2.26,CA,1641168933
201,Haimen,23.1935,116.6142,58.98,76,12,12.73,CN,1641168735
202,Jiayuguan City,39.8167,98.3,17.46,41,72,1.63,CN,1641168934
203,Igurubi,-4.0,33.7,69.33,76,89,5.68,TZ,1641168934
204,Arefu,45.3333,24.6,39.06,81,100,3.76,RO,1641168934
205,Cherskiy,68.75,161.3,0.05,97,99,6.33,RU,1641168934
206,Hofn,64.2539,-15.2082,26.2,53,0,27.09,IS,1641168934
207,Solnechnyy,50.7214,136.6319,-9.96,96,100,1.34,RU,1641168934
208,Cayenne,4.9333,-52.3333,80.1,83,75,8.01,GF,1641168935
209,Kupang,-10.1667,123.5833,84.78,89,40,3.44,ID,1641168935
210,Sinazongwe,-17.2614,27.4618,75.96,77,46,1.92,ZM,1641168935
211,Honningsvåg,70.9821,25.9704,23.11,68,100,24.56,NO,1641168935
212,Kumul,42.8,93.45,18.73,56,5,3.6,CN,1641168935
213,Hilo,19.7297,-155.09,76.8,91,90,1.99,US,1641168935
214,Kurdzhinovo,43.9884,40.9552,20.48,94,97,3.44,RU,1641168935
215,Touros,-5.1989,-35.4608,83.3,76,88,14.05,BR,1641168935
216,Lata,40.1629,-8.3327,54.81,94,98,2.3,PT,1641168936
217,Honiara,-9.4333,159.95,85.84,71,97,9.15,SB,1641168936
218,Barrow,71.2906,-156.7887,-27.38,91,1,3.44,US,1641168936
219,Khatanga,71.9667,102.5,-51.72,100,63,3.96,RU,1641168649
220,Richards Bay,-28.783,32.0377,70.11,95,99,5.44,ZA,1641168913
221,City of San Pedro,14.35,121.0167,79.32,66,75,10.36,PH,1641168936
222,Nishihara,26.1842,127.7558,65.48,69,20,5.75,JP,1641168936
223,Ossora,59.2353,163.0719,34.48,94,100,11.41,RU,1641168937
224,Omboué,-1.5746,9.2618,76.53,90,57,5.77,GA,1641168937
225,Songea,-10.6833,35.65,63.75,93,100,2.42,TZ,1641168937
226,Río Gallegos,-51.6226,-69.2181,50.05,29,75,27.63,AR,1641168937
227,Lagoa,39.05,-27.9833,56.68,82,100,21.81,PT,1641168937
228,Muyezerskiy,63.9333,31.65,-3.03,100,91,2.73,RU,1641168937
229,Seoul,37.5683,126.9778,18.84,34,56,1.3,KR,1641168703
230,Pachmarhi,22.4667,78.4333,48.81,76,7,2.59,IN,1641168938
231,Karratha,-20.7377,116.8463,85.46,47,1,11.81,AU,1641168938
232,Cervo,43.6702,-7.4101,57.96,83,100,6.62,ES,1641168938
233,Nanortalik,60.1432,-45.2371,28.94,78,100,18.72,GL,1641168938
234,Salalah,17.0151,54.0924,71.69,78,20,2.3,OM,1641168766
235,Henties Bay,-22.116,14.2845,61.86,88,60,2.06,NA,1641168938
236,Jiaocheng,24.6774,116.1389,53.35,81,0,2.15,CN,1641168938
237,Saint George,37.1041,-113.5841,48.67,36,1,0.0,US,1641168938
238,Omsukchan,62.5333,155.8,-4.23,99,100,7.49,RU,1641168939
239,Codrington,-38.2667,141.9667,62.76,53,80,12.91,AU,1641168939
240,Port-Gentil,-0.7193,8.7815,79.11,82,87,9.69,GA,1641168939
241,Anchorage,61.2181,-149.9003,8.55,54,1,17.27,US,1641168939
242,Dicabisagan,17.0818,122.4157,72.91,78,100,6.49,PH,1641168939
243,Roccastrada,43.0099,11.1665,55.38,90,90,1.41,IT,1641168939
244,Aquiraz,-3.9014,-38.3911,80.19,85,68,9.89,BR,1641168939
245,Kununurra,-15.7667,128.7333,87.78,70,97,3.44,AU,1641168939
246,Saint-François,46.4154,3.9054,51.24,71,90,2.3,FR,1641168940
247,Povenets,62.8487,34.8262,-11.79,100,84,2.15,RU,1641168940
248,Tibú,8.639,-72.7358,76.93,79,43,1.14,CO,1641168940
249,Maniitsoq,65.4167,-52.9,20.82,62,100,16.37,GL,1641168940
250,Peno,56.9262,32.7426,16.95,89,100,8.59,RU,1641168941
251,Mosquera,4.7059,-74.2302,59.09,82,40,6.91,CO,1641168941
252,Olonets,60.9847,32.9698,1.8,100,97,5.08,RU,1641168941
253,Natchez,31.5604,-91.4032,31.24,86,90,12.66,US,1641168941
254,Vanavara,60.34,102.2797,-7.46,100,100,2.06,RU,1641168796
255,Lexington,37.9887,-84.4777,33.24,82,90,10.36,US,1641168942
256,Singaraja,-8.112,115.0882,77.97,77,99,2.39,ID,1641168942
257,Nouadhibou,20.931,-17.0347,69.51,49,0,12.41,MR,1641168942
258,Te Anau,-45.4167,167.7167,69.24,56,100,1.28,NZ,1641168942
259,Dzilam González,21.2833,-88.9333,75.29,91,42,6.31,MX,1641168942
260,São Gabriel da Cachoeira,-0.1303,-67.0892,74.25,96,78,0.6,BR,1641168942
261,Chumikan,54.7183,135.315,-22.2,90,16,11.74,RU,1641168942
262,Bilibino,68.0546,166.4372,15.8,93,100,4.63,RU,1641168943
263,Hambantota,6.1241,81.1185,76.53,84,14,14.79,LK,1641168943
264,Bloomfield,40.8068,-74.1854,49.01,73,1,3.0,US,1641168943
265,Asilah,35.465,-6.0348,55.36,66,82,5.12,MA,1641168943
266,Oistins,13.0667,-59.5333,78.89,69,40,19.57,BB,1641168943
267,Grindavik,63.8424,-22.4338,23.47,63,20,13.8,IS,1641168943
268,Novo Aripuanã,-5.1206,-60.3797,74.73,98,94,2.13,BR,1641168943
269,Panguipulli,-39.6333,-72.3333,55.71,81,48,3.15,CL,1641168943
270,Camargo,27.6667,-105.1667,55.35,23,2,4.43,MX,1641168944
271,Yar-Sale,66.8333,70.8333,-16.31,100,100,10.02,RU,1641168944
272,Morondava,-20.2833,44.2833,76.33,74,13,3.94,MG,1641168944
273,Tutóia,-2.7619,-42.2744,82.38,80,96,11.83,BR,1641168944
274,La Ronge,55.1001,-105.2842,-5.55,71,90,6.91,CA,1641168944
275,Oriximiná,-1.7656,-55.8661,77.5,80,94,3.76,BR,1641168944
276,Portland,45.5234,-122.6762,52.38,69,90,4.0,US,1641168945
277,Zonguldak,41.25,31.8333,33.73,86,25,4.59,TR,1641168945
278,La Ciotat,43.1748,5.6045,48.97,75,67,12.46,FR,1641168771
279,Kokologo,12.1897,-1.8856,75.06,21,94,9.22,BF,1641168945
280,Olinda,-8.0089,-34.8553,82.13,74,40,8.05,BR,1641168946
281,Caucaia,-3.7361,-38.6531,80.04,81,20,4.61,BR,1641168946
282,Buraidah,26.326,43.975,50.45,82,4,8.03,SA,1641168938
283,Lüderitz,-26.6481,15.1594,62.31,76,0,18.68,NA,1641168946
284,Ponta Delgada,37.7333,-25.6667,65.5,100,90,8.05,PT,1641168946
285,Nagato,34.3833,131.2,46.31,57,58,4.43,JP,1641168946
286,Jacqueville,5.2052,-4.4146,78.71,80,37,10.22,CI,1641168946
287,Dunedin,-45.8742,170.5036,68.29,59,100,6.13,NZ,1641168946
288,Adrar,20.5022,-10.0711,61.32,27,0,11.79,MR,1641168946
289,Nome,64.5011,-165.4064,-12.93,70,1,3.44,US,1641168947
290,Sitka,57.0531,-135.33,30.09,59,75,8.05,US,1641168947
291,Socoltenango,16.2167,-92.25,67.1,50,5,6.42,MX,1641168947
292,George Town,5.4112,100.3354,79.9,80,20,0.0,MY,1641168947
293,Deniliquin,-35.5333,144.9667,85.39,33,40,6.02,AU,1641168947
294,Gaurnadi,22.9667,90.2333,58.48,71,73,7.61,BD,1641168947
295,Morvi,22.8167,70.8333,67.21,70,2,8.63,IN,1641168948
296,Kruisfontein,-34.0033,24.7314,61.88,88,82,2.17,ZA,1641168948
297,Santa Rosa,14.3122,121.1114,80.1,68,80,16.2,PH,1641168948
298,Abhā,18.2164,42.5053,52.05,87,20,8.05,SA,1641168839
299,Williams Lake,52.1415,-122.1445,27.97,74,75,8.99,CA,1641168948
300,Los Llanos de Aridane,28.6585,-17.9182,70.12,22,0,8.01,ES,1641168949
301,Statesboro,32.4488,-81.7832,74.52,94,90,4.61,US,1641168949
302,Parry Sound,45.3501,-80.033,13.21,66,36,5.88,CA,1641168949
303,Teya,60.3778,92.6267,8.69,95,100,6.15,RU,1641168766
304,Riyadh,24.6877,46.7219,55.54,45,0,6.98,SA,1641168745
305,Bar Harbor,44.3876,-68.2039,30.9,90,90,8.01,US,1641168949
306,Ayan,56.45,138.1667,-18.44,79,5,12.39,RU,1641168949
307,Ambon City,-3.6954,128.1814,84.34,79,20,3.44,ID,1641168780
308,Savannah Bight,16.45,-85.85,80.65,82,30,26.17,HN,1641168950
309,Yatsuomachi-higashikumisaka,36.5667,137.1333,37.26,92,75,2.3,JP,1641168950
310,Carnarvon,-24.8667,113.6333,77.07,78,75,14.97,AU,1641168950
311,Bethel,41.3712,-73.414,44.11,87,90,1.99,US,1641168950
312,São José dos Campos,-23.1794,-45.8869,73.47,89,89,0.98,BR,1641168802
313,Sola,-13.8833,167.55,90.27,66,75,0.0,VU,1641168950
314,Inhambane,-23.865,35.3833,76.44,82,88,4.76,MZ,1641168950
315,Chornukhy,50.2673,32.942,26.35,96,100,15.35,UA,1641168951
316,Bambous Virieux,-20.3428,57.7575,73.22,73,14,6.24,MU,1641168951
317,Thompson,55.7435,-97.8558,-25.44,75,40,0.0,CA,1641168951
318,Tynda,55.1667,124.7167,-16.55,90,100,4.29,RU,1641168951
319,Chernoyerkovskaya,45.4331,37.7686,32.52,70,75,5.19,RU,1641168951
320,Coquimbo,-29.9533,-71.3436,65.14,75,0,6.98,CL,1641168951
321,Puquio,-14.7,-74.1333,53.51,82,86,7.2,PE,1641168951
322,Egvekinot,66.3167,-179.1667,17.53,96,100,2.95,RU,1641168951
323,Rincon,32.296,-81.2354,71.85,78,20,14.97,US,1641168952
324,Bako,5.7833,36.5667,65.88,49,27,3.83,ET,1641168952
325,Havøysund,70.9963,24.6622,18.48,74,100,27.87,NO,1641168952
326,Manavgat,36.7867,31.4431,52.21,59,1,10.29,TR,1641168952
327,Thaton,16.9206,97.3714,68.41,76,19,3.29,MM,1641168952
328,Zhigansk,66.7697,123.3711,-50.46,99,61,5.37,RU,1641168952
329,Quelimane,-17.8786,36.8883,80.55,89,20,3.44,MZ,1641168952
330,Whyalla,-33.0333,137.5833,69.69,64,40,19.57,AU,1641168953
331,Isfahan,32.6572,51.6776,33.44,89,100,5.59,IR,1641168953
332,Vila Velha,-20.3297,-40.2925,78.75,90,40,8.99,BR,1641168953
333,Pervomayskoye,43.919,46.7102,37.04,77,96,17.09,RU,1641168953
334,Lazarev,52.225,141.5131,-16.42,96,37,3.96,RU,1641168953
335,Severnoye,56.3491,78.3619,13.19,88,100,7.85,RU,1641168953
336,Batticaloa,7.7102,81.6924,76.28,86,42,5.28,LK,1641168953
337,Mandalgovi,45.7625,106.2708,7.48,45,1,9.24,MN,1641168954
338,Belyy Yar,53.6039,91.3903,10.29,95,100,2.24,RU,1641168954
339,Harper,4.375,-7.7169,79.57,83,50,5.97,LR,1641168954
340,Mersing,2.4312,103.8405,73.31,94,40,6.91,MY,1641168954
341,Staraya Kulatka,52.7167,47.6167,2.21,95,15,7.65,RU,1641168954
342,Praia,14.9215,-23.5087,73.94,60,40,9.22,CV,1641168954
343,Puerto Carreño,6.189,-67.4859,83.66,38,11,15.41,CO,1641168954
344,Geraldton,-28.7667,114.6,77.41,69,1,17.27,AU,1641168955
345,Borshchiv,48.8033,26.0435,40.14,86,100,6.22,UA,1641168955
346,Porto-Novo,6.4965,2.6036,82.22,78,1,4.05,BJ,1641168955
347,Port Hardy,50.6996,-127.4199,41.0,93,75,11.5,CA,1641168955
348,Lypnyazhka,48.4469,31.0761,31.05,85,100,15.28,UA,1641168933
349,Bulungu,-4.55,18.6,70.21,95,100,0.98,CD,1641168955
350,Zarubino,42.63,131.0922,18.05,48,0,14.43,RU,1641168956
351,Ballyshannon,54.5,-8.1833,48.61,82,95,25.3,IE,1641168956
352,Miquelon,47.0975,-56.3814,42.8,99,100,16.53,PM,1641168956
353,Peleduy,59.6289,112.7406,-7.64,95,100,7.11,RU,1641168956
354,Veracruz,19.3333,-96.6667,67.87,63,0,9.17,MX,1641168956
355,San Patricio,28.017,-97.5169,51.89,29,0,15.21,US,1641168957
356,Kachug,53.9606,105.8817,-4.86,100,100,1.9,RU,1641168957
357,Vryheid,-27.7695,30.7917,61.43,97,100,1.95,ZA,1641168957
358,Wencheng,33.0559,113.7978,35.38,55,0,2.3,CN,1641168957
359,Green River,41.5286,-109.4662,19.8,81,22,2.48,US,1641168957
360,Manatí,18.4275,-66.4921,77.61,83,10,8.46,PR,1641168957
361,Fort Nelson,58.8053,-122.7002,-18.81,69,90,5.75,CA,1641168957
362,Vryburg,-26.9566,24.7284,68.59,19,17,4.36,ZA,1641168901
363,Monrovia,6.3005,-10.7969,78.57,77,82,8.81,LR,1641168958
364,Fenoarivo,-18.933,47.4354,66.27,94,75,1.14,MG,1641168958
365,Ilulissat,69.2167,-51.1,12.22,44,87,11.5,GL,1641168958
366,Aykhal,66.0,111.5,-40.25,100,94,1.16,RU,1641168958
367,Shetpe,44.1667,52.1167,34.18,97,100,13.29,KZ,1641168958
368,Guerrero Negro,27.9769,-114.0611,63.21,43,55,6.2,MX,1641168958
369,Esperance,-33.8667,121.9,68.56,62,2,10.87,AU,1641168959
370,Lakes Entrance,-37.8811,147.981,69.17,71,57,4.99,AU,1641168959
371,Kapoeta,4.7717,33.5903,81.57,34,71,8.3,SS,1641168961
372,Suntar,62.1444,117.6319,-26.52,98,84,3.91,RU,1641168961
373,Fuxin,42.0156,121.6589,13.77,51,18,3.78,CN,1641168961
374,Sumbawanga,-7.9667,31.6167,59.4,91,99,1.25,TZ,1641168961
375,Nelidovo,56.2211,32.7774,18.1,94,100,9.44,RU,1641168961
376,São João da Barra,-21.6403,-41.0511,75.11,91,100,6.13,BR,1641168962
377,Jalalpur Jattan,32.6374,74.2183,44.47,87,40,0.0,PK,1641168962
378,Carman,49.4992,-98.0016,-3.35,77,100,13.8,CA,1641168962
379,Luganville,-15.5333,167.1667,85.93,71,99,4.5,VU,1641168962
380,Marathon,44.9,-89.7668,7.84,72,1,6.91,US,1641168962
381,Kintampo,8.0563,-1.7306,82.09,18,47,3.4,GH,1641168962
382,Pisco,-13.7,-76.2167,69.85,83,40,16.11,PE,1641168963
383,Banjar,-8.19,114.9675,78.66,83,99,3.78,ID,1641168963
384,Bathsheba,13.2167,-59.5167,79.41,69,40,19.57,BB,1641168737
385,Ayna,-12.65,-73.9167,65.35,86,75,0.38,PE,1641168963
386,High Level,58.5169,-117.136,-18.29,69,20,23.02,CA,1641168963
387,Jutaí,-5.1833,-68.9,75.6,95,99,1.66,BR,1641168963
388,Nuevo Progreso,23.1667,-97.95,67.59,25,0,23.47,MX,1641168963
389,Puerto Escondido,15.85,-97.0667,79.66,75,1,4.09,MX,1641168964
390,Pouébo,-20.4,164.5667,83.5,74,39,0.94,NC,1641168964
391,Rawson,-43.3002,-65.1023,67.57,24,23,16.8,AR,1641168964
392,Marystown,47.1666,-55.1483,44.85,100,100,8.01,CA,1641168964
393,Ketchikan,55.3422,-131.6461,35.58,93,90,4.61,US,1641168964
394,Ixtapa,20.7,-105.2,76.23,73,1,10.36,MX,1641168964
395,Makkah al Mukarramah,21.4267,39.8261,62.71,61,1,5.77,SA,1641168903
396,Pingliang,35.5392,106.6861,28.26,71,5,1.3,CN,1641168965
397,Baruun-Urt,46.6806,113.2792,-4.95,80,4,6.51,MN,1641168965
398,Ishigaki,24.3448,124.1572,69.93,73,75,13.8,JP,1641168965
399,Yauya,-8.9833,-77.3,57.81,54,27,5.21,PE,1641168965
400,Kualakapuas,-3.0091,114.3876,77.16,92,100,2.28,ID,1641168965
401,Moussoro,13.6408,16.4901,62.76,37,32,17.2,TD,1641168966
402,Lakatoro,-16.0999,167.4164,85.3,71,98,7.52,VU,1641168966
403,Edéa,3.8,10.1333,76.14,92,70,0.87,CM,1641168967
404,Yerbogachën,61.2767,108.0108,-14.06,99,100,2.91,RU,1641168967
405,Quatre Cocos,-20.2078,57.7625,73.09,74,20,6.49,MU,1641168968
406,Port Augusta,-32.5,137.7667,82.71,49,0,17.34,AU,1641168968
407,San Juan Bautista,-14.0108,-75.7358,65.03,57,40,9.31,PE,1641168969
408,Ha Tinh,18.3333,105.9,63.23,91,90,3.6,VN,1641168969
409,Royan,45.6285,-1.0281,54.86,94,97,9.57,FR,1641168970
410,Iqaluit,63.7506,-68.5145,-7.87,77,20,4.61,CA,1641168970
411,Yumen,40.2833,97.2,17.02,51,21,9.53,CN,1641168971
412,Mucurapo,10.6667,-61.5333,75.25,86,71,11.92,TT,1641168971
413,San Rafael,-34.6177,-68.3301,86.67,11,8,14.2,AR,1641168971
414,Rocha,-34.4833,-54.3333,70.79,85,18,4.52,UY,1641168971
415,Apacilagua,13.4797,-87.0755,89.08,51,20,9.22,HN,1641168971
416,Wuwei,37.9281,102.6414,20.35,40,59,2.15,CN,1641168972
417,Muisne,0.6,-80.0333,74.16,88,99,6.71,EC,1641168972
418,Beyneu,45.3167,55.2,34.68,88,99,7.07,KZ,1641168972
419,Santa Rosalía,27.3167,-112.2833,59.09,50,35,13.44,MX,1641168972
420,Sakakah,29.9697,40.2064,44.17,66,84,5.23,SA,1641168972
421,Nhulunbuy,-12.2333,136.7667,88.41,74,40,12.66,AU,1641168973
422,Cranbrook,49.4999,-115.7688,20.26,86,90,4.61,CA,1641168973
423,Katangli,51.7102,143.2326,-13.54,90,24,9.04,RU,1641168974
424,Kudahuvadhoo,2.6708,72.8944,81.41,78,7,11.79,MV,1641168974
425,Teguise,29.0605,-13.564,62.82,52,0,5.75,ES,1641168975
426,Namatanai,-3.6667,152.4333,83.57,75,99,9.26,PG,1641168975
427,Iskateley,67.6803,53.1512,-2.79,97,100,14.88,RU,1641168975
428,Inndyr,67.0338,14.0276,35.64,80,98,21.07,NO,1641168976
429,Manta,-0.95,-80.7333,76.78,73,75,9.22,EC,1641168976
430,Kahului,20.8947,-156.47,82.42,78,40,8.05,US,1641168976
431,Ocean City,39.2776,-74.5746,59.25,90,100,3.0,US,1641168977
432,Tokmak,47.2514,35.7058,25.81,86,72,6.58,UA,1641168977
433,Leh,34.1667,77.5833,7.59,94,99,1.21,IN,1641168977
434,Carmo do Paranaíba,-19.0008,-46.3161,66.76,97,54,2.95,BR,1641168978
435,Qandala,11.472,49.8728,75.29,70,0,3.6,SO,1641168978
436,Avera,33.194,-82.5271,62.47,95,100,4.54,US,1641168978
437,Nizhniy Baskunchak,48.2198,46.8311,21.61,81,98,17.31,RU,1641168978
438,Esim,4.8699,-2.2405,79.32,82,27,7.52,GH,1641168979
439,Vaitape,-16.5167,-151.75,76.62,86,100,12.37,PF,1641168979
440,Nouakchott,18.0858,-15.9785,64.33,29,29,11.77,MR,1641168979
441,Dayong,25.0209,118.2898,56.88,79,6,1.43,CN,1641168979
442,Virginia Beach,36.8529,-75.978,68.22,90,100,10.74,US,1641168979
443,Esso,55.9333,158.7,20.28,95,100,3.62,RU,1641168979
444,San Jose,37.3394,-121.895,59.14,54,20,1.01,US,1641168905
445,Verkhnevilyuysk,63.4453,120.3167,-37.17,100,99,0.78,RU,1641168980
446,Kamenka,51.3223,42.7678,-1.62,100,88,7.49,RU,1641168980
447,Waitati,-45.75,170.5667,71.4,51,100,4.5,NZ,1641168980
448,Iquique,-20.2208,-70.1431,68.49,73,5,2.77,CL,1641168981
449,Pinotepa Nacional,16.3167,-98.0167,77.85,69,1,4.34,MX,1641168981
450,Ola,59.5833,151.2833,5.63,94,100,6.96,RU,1641168981
451,Chapais,49.7834,-74.8492,-13.22,100,95,4.09,CA,1641168981
452,Marquette,46.5333,-87.6335,9.36,69,79,5.86,US,1641168982
453,Raduzhny,62.0961,77.475,7.84,97,98,4.85,RU,1641168982
454,Turukhansk,65.8167,87.9833,-11.15,96,100,11.7,RU,1641168982
455,Port Lincoln,-34.7333,135.8667,64.72,57,70,12.01,AU,1641168982
456,Caravelas,-17.7125,-39.2481,75.24,88,99,5.61,BR,1641168982
457,Kaeo,-35.1,173.7833,77.32,67,100,10.25,NZ,1641168982
458,Tual,-5.6667,132.75,82.36,76,99,13.53,ID,1641168983
459,Salinópolis,-0.6136,-47.3561,78.39,88,96,10.18,BR,1641168983
460,Újhartyán,47.2198,19.3864,42.69,87,100,8.34,HU,1641168983
461,Mount Isa,-20.7333,139.5,92.97,46,100,9.22,AU,1641168983
462,Altayskoye,51.9533,85.3325,15.21,81,78,6.42,RU,1641168752
463,Faya,18.3851,42.4509,52.32,90,24,6.78,SA,1641168983
464,Medianeira,-25.2953,-54.0939,74.91,48,41,3.91,BR,1641168983
465,San Quintín,30.4833,-115.95,59.04,42,76,9.01,MX,1641168983
466,Bubaque,11.2833,-15.8333,79.88,67,97,7.96,GW,1641168984
467,Chai Badan,15.2,101.1333,67.39,74,74,12.39,TH,1641168984
468,Georgiyevka,43.0369,74.7114,26.64,86,73,4.47,KZ,1641168984
469,Tuatapere,-46.1333,167.6833,69.82,53,100,0.94,NZ,1641168984
470,Provideniya,64.3833,-173.3,13.06,97,99,2.51,RU,1641168984
471,Bereda,43.2686,-7.5406,53.91,100,100,2.8,ES,1641168984
472,Scottsbluff,41.8666,-103.6672,35.83,41,1,11.5,US,1641168984
473,Fernie,49.5,-115.0687,28.49,95,100,1.81,CA,1641168985
474,Värnamo,57.186,14.04,44.76,97,100,11.36,SE,1641168985
475,Mogadishu,2.0371,45.3438,77.5,85,28,15.64,SO,1641168985
476,Boralday,43.3578,76.8594,21.06,93,40,2.24,KZ,1641168985
477,Malanje,-9.5402,16.341,63.27,98,97,3.27,AO,1641168985
478,Brae,60.3964,-1.353,46.31,92,98,11.86,GB,1641168985
479,Talnakh,69.4865,88.3972,-35.34,94,14,3.8,RU,1641168985
480,Maués,-3.3836,-57.7186,74.86,96,98,2.35,BR,1641168985
481,Vaxjo,56.8777,14.8091,43.72,100,90,8.05,SE,1641168985
482,Ginir,7.1333,40.7,56.71,61,0,3.91,ET,1641168904
483,Walvis Bay,-22.9575,14.5053,62.1,82,4,9.22,NA,1641168986
484,Kibala,9.1104,18.3463,71.55,33,0,6.91,TD,1641168986
485,Kantunilkín,21.0917,-87.45,80.44,90,28,4.14,MX,1641168986
486,Yaan,7.3833,8.5667,78.73,21,39,7.61,NG,1641168986
487,Rion,34.3071,-81.1251,61.54,94,100,3.65,US,1641168986
488,Samaná,19.2056,-69.3369,74.25,71,21,7.29,DO,1641168986
489,Pangoa,-12.1167,-73.0,72.16,96,90,1.16,PE,1641168986
490,Ugoofaaru,5.6667,73.0,82.15,77,3,20.96,MV,1641168987
491,Moindou,-21.6924,165.677,78.75,87,89,3.38,NC,1641168987
492,Hornepayne,49.2138,-84.7705,-10.14,99,67,3.31,CA,1641168987
493,Krasnyy Kholm,58.0607,37.1203,-6.36,100,99,3.89,RU,1641168987
494,Noumea,-22.2763,166.4572,84.0,99,100,10.33,NC,1641168987
495,Haines Junction,60.7522,-137.5108,-16.65,58,100,8.05,CA,1641168987
496,Olhão,37.0286,-7.8411,49.89,100,20,4.61,PT,1641168987
497,Íos,36.7333,25.2833,60.04,67,0,10.0,GR,1641168988
498,Yanai,33.9667,132.1167,44.64,64,39,3.36,JP,1641168988
499,Kaniv,49.7518,31.46,31.14,84,100,18.1,UA,1641168823
500,Plaisance-du-Touch,43.5657,1.2975,55.74,93,94,2.3,FR,1641168988
501,La Plata,-34.9215,-57.9545,84.99,46,6,6.78,AR,1641168749
502,Igrim,63.1906,64.4162,5.77,96,100,8.12,RU,1641168989
503,Hobyo,5.3505,48.5268,77.49,79,31,12.57,SO,1641168989
504,Diffa,13.3154,12.6113,65.01,44,45,13.09,NE,1641168904
505,Aksu,41.1231,80.2644,21.04,53,73,2.64,CN,1641168989
506,Marawi,7.9986,124.2928,70.65,86,100,2.46,PH,1641168989
507,Ankara,39.9199,32.8543,34.21,79,0,2.3,TR,1641168872
508,Ranong,9.9658,98.6348,75.13,89,96,5.84,TH,1641168989
509,Puruarán,19.1,-101.5333,78.48,55,0,3.02,MX,1641168989
510,Venado Tuerto,-33.7456,-61.9688,74.03,76,32,25.93,AR,1641168990
511,Loei,17.4167,101.5,47.57,97,27,1.74,TH,1641168990
512,Ulaangom,49.9811,92.0667,-19.46,94,95,3.0,MN,1641168990
513,Qazvin,36.2797,50.0049,39.79,59,91,0.58,IR,1641168990
514,Sioux Lookout,50.1001,-91.917,-10.82,77,1,6.91,CA,1641168990
515,Taltal,-25.4,-70.4833,67.71,77,4,6.06,CL,1641168990
516,Husavik,66.0449,-17.3389,26.51,93,100,36.78,IS,1641168990
517,Rio Grande,-32.035,-52.0986,72.64,85,44,17.58,BR,1641168990
518,Sooke,48.3746,-123.7276,42.57,93,100,8.52,CA,1641168990
519,Nokaneng,-19.6667,22.2667,75.09,65,45,7.0,BW,1641168991
520,Arrondissement de Limoux,42.9167,2.1667,51.19,77,96,4.23,FR,1641168991
521,Tiznit Province,29.5833,-9.5,59.04,38,5,3.06,MA,1641168991
522,Katobu,-4.9408,122.5276,80.22,83,88,3.33,ID,1641168991
523,Baní,18.2833,-70.3333,75.61,65,6,11.79,DO,1641168991
524,Shalakusha,62.2247,40.2539,-1.34,100,98,4.56,RU,1641168991
525,Sept-Îles,50.2001,-66.3821,5.05,69,75,5.99,CA,1641168991
526,Tago,9.0211,126.2317,77.52,87,100,8.97,PH,1641168991
527,Awjilah,29.1081,21.2869,56.44,74,0,6.29,LY,1641168992
528,Libertador General San Martín,-23.8064,-64.7876,88.03,49,0,4.27,AR,1641168992
529,Beloha,-25.1667,45.05,71.24,76,65,10.2,MG,1641168992
530,Laas,46.6166,10.7002,41.88,62,82,5.21,IT,1641168992
531,Prachuap Khiri Khan,12.2167,99.75,70.11,80,76,3.24,TH,1641168992
532,Beringovskiy,63.05,179.3167,27.03,94,100,9.22,RU,1641168992
533,Punta Alta,-38.8759,-62.0736,80.64,33,73,20.83,AR,1641168992
534,Rāy,23.6833,85.05,50.77,79,18,3.02,IN,1641168992
535,Belmonte,-15.8631,-38.8828,79.3,84,100,6.22,BR,1641168992
536,Favara,37.3175,13.6623,49.42,74,1,4.25,IT,1641168993
537,Winnemucca,40.973,-117.7357,22.1,63,1,10.36,US,1641168697
538,Carupano,10.6678,-63.2585,75.34,86,81,12.91,VE,1641168993
539,Goranboy,40.6103,46.7897,44.89,52,100,25.08,AZ,1641168993
540,Pedersore,63.65,22.6833,24.89,93,100,12.59,FI,1641168993
541,Zhangjiakou,40.81,114.8794,16.54,55,12,4.9,CN,1641168993
542,Ambanja,-13.6833,48.45,75.38,93,100,2.46,MG,1641168994
543,Praia,14.9215,-23.5087,73.94,60,40,9.22,CV,1641168954
544,Tegul'det,57.3064,88.1667,11.98,89,100,8.03,RU,1641168697
545,Quanzhou,24.9139,118.5858,55.0,71,2,5.97,CN,1641168772
546,Pedernales,18.0384,-71.744,75.79,67,0,10.27,DO,1641168994
547,Bocana de Paiwas,12.7857,-85.1227,74.98,75,24,4.81,NI,1641168994
548,Andenes,69.3143,16.1194,31.98,74,90,33.38,NO,1641168994
549,Qaqortoq,60.7167,-46.0333,27.1,78,99,14.83,GL,1641168994
550,Chinna Salem,11.65,78.9,68.88,86,25,6.89,IN,1641168995
551,Mt. Pleasant,32.7941,-79.8626,70.07,91,90,1.01,US,1641168995
552,Upata,8.0086,-62.3989,67.64,73,65,4.56,VE,1641168995
553,Katsuura,35.1333,140.3,46.18,57,1,11.39,JP,1641168995
554,Bariloche,-41.1456,-71.3082,53.35,50,40,27.63,AR,1641168911
555,Umeå,63.8284,20.2597,26.53,93,90,3.44,SE,1641168995
556,Baykit,61.67,96.37,-1.66,99,100,2.19,RU,1641168996
557,Elko,41.0002,-115.5012,14.02,78,94,3.47,US,1641168996
558,Cassilândia,-19.1133,-51.7342,72.84,84,40,1.81,BR,1641168996
559,Montevideo,-34.8335,-56.1674,77.83,78,0,12.66,UY,1641168740
560,Ibb,13.9667,44.1833,57.43,71,53,3.33,YE,1641168996
561,Troutdale,45.5393,-122.3873,51.76,71,90,1.01,US,1641168996
562,Ṭikāpur,28.5,81.1333,49.64,69,41,3.44,NP,1641168996
563,Cheyenne,41.14,-104.8203,32.32,45,1,17.27,US,1641168997
564,Katherine,-14.4667,132.2667,86.32,74,90,5.75,AU,1641168997
565,Tevaitoa,-16.7833,-151.5,76.28,87,100,13.56,PF,1641168997
566,Mach,29.8637,67.3298,51.66,54,100,1.74,PK,1641168998
567,Shahr-e Bābak,30.1165,55.1186,45.48,83,97,12.77,IR,1641168998
568,Port Macquarie,-31.4333,152.9167,78.76,88,75,18.41,AU,1641168998
569,Saint-Pierre,-21.3393,55.4781,74.88,69,0,8.05,RE,1641168727
570,Portobelo,9.55,-79.65,80.04,85,45,4.61,PA,1641168998
571,Stornoway,58.2093,-6.3865,42.93,92,75,5.75,GB,1641168998
572,Viedma,-40.8135,-62.9967,63.72,40,69,4.83,AR,1641168973
573,Antofagasta,-23.65,-70.4,66.42,82,4,6.6,CL,1641168751
574,Nemuro,43.3236,145.575,19.83,63,24,24.9,JP,1641168999
575,Idrinskoye,54.3708,92.1358,13.35,95,100,3.6,RU,1641168999
